Query_ID	Target_ID	Optimal_offset	p-value	E-value	q-value	Overlap	Query_consensus	Target_consensus	Orientation
YCCCGAAATCCSCCGGRMCC	MA1235.1	-1	0.0023074	3.24652	1	11	TCCCGAAATCCGCCGGACCC	CTCGGGAATCG	-
YCCCGAAATCCSCCGGRMCC	MA1687.1	-1	0.00231306	3.25447	1	16	TCCCGAAATCCGCCGGACCC	CCCGACATGTCCCCCG	-

# Tomtom (Motif Comparison Tool): Version 5.5.4 compiled on Nov  8 2023 at 16:31:36
# The format of this file is described at https://meme-suite.org/meme/doc/tomtom-output-format.html.
# tomtom -no-ssc -oc tomtom_i_1 -verbosity 1 -min-overlap 5 -mi 1 -dist pearson -evalue -thresh 10.0 Resultadosmeme/intersecção/YCCCGAAATCCSCCGGRMCC.meme JASPAR2024_CORE_plants_redundant_pfms_meme.txt
