<?xml version='1.0' encoding='UTF-8' standalone='yes'?>
<tomtom version="5.5.4" release="Fri Jun 16 12:19:08 2023 -0700">
  <model>
    <command_line>tomtom -no-ssc -oc tomtom_i_1 -verbosity 1 -min-overlap 5 -mi 1 -dist pearson -evalue -thresh 10.0 Resultadosmeme/intersecção/YCCCGAAATCCSCCGGRMCC.meme JASPAR2024_CORE_plants_redundant_pfms_meme.txt</command_line>
    <distance_measure value="pearson"/>
    <threshold type="evalue">10</threshold>
    <alphabet name="DNA" like="dna">
      <letter id="A" symbol="A" complement="T" name="Adenine" colour="CC0000"/>
      <letter id="C" symbol="C" complement="G" name="Cytosine" colour="0000CC"/>
      <letter id="G" symbol="G" complement="C" name="Guanine" colour="FFB300"/>
      <letter id="T" symbol="T" aliases="U" complement="A" name="Thymine" colour="008000"/>
      <letter id="N" symbol="N" aliases="X." equals="ACGT" name="Any base"/>
      <letter id="V" symbol="V" equals="ACG" name="Not T"/>
      <letter id="H" symbol="H" equals="ACT" name="Not G"/>
      <letter id="D" symbol="D" equals="AGT" name="Not C"/>
      <letter id="B" symbol="B" equals="CGT" name="Not A"/>
      <letter id="M" symbol="M" equals="AC" name="Amino"/>
      <letter id="R" symbol="R" equals="AG" name="Purine"/>
      <letter id="W" symbol="W" equals="AT" name="Weak"/>
      <letter id="S" symbol="S" equals="CG" name="Strong"/>
      <letter id="Y" symbol="Y" equals="CT" name="Pyrimidine"/>
      <letter id="K" symbol="K" equals="GT" name="Keto"/>
    </alphabet>
    <strands>both</strands>
    <background from="--query--" A="0.205" C="0.295" G="0.295" T="0.205"/>
    <host>labbces04</host>
    <when>Fri Nov 24 15:11:25 2023</when>
  </model>
  <query_dbs>
    <db source="Resultadosmeme/intersecção/YCCCGAAATCCSCCGGRMCC.meme" name="YCCCGAAATCCSCCGGRMCC" loaded="1" excluded="0" last_mod_date="Tue Nov 21 08:14:57 2023"/>
  </query_dbs>
  <target_dbs>
    <db source="JASPAR2024_CORE_plants_redundant_pfms_meme.txt" name="JASPAR2024_CORE_plants_redundant_pfms_meme.txt" loaded="1407" excluded="0" last_mod_date="Fri Nov 17 18:22:13 2023"/>
  </target_dbs>
  <queries>
    <motif db="0" id="YCCCGAAATCCSCCGGRMCC" alt="MEME-1" length="20" nsites="17" evalue="1.1e-010">
      <pos A="0.00119883" C="0.411082" G="0.00172515" T="0.585994"/>
      <pos A="0.118158" C="0.878918" G="0.00172515" T="0.00119883"/>
      <pos A="0.0596788" C="0.703479" G="0.00172515" T="0.235117"/>
      <pos A="0.00119883" C="0.703479" G="0.235643" T="0.0596788"/>
      <pos A="0.118158" C="0.00172515" G="0.878918" T="0.00119883"/>
      <pos A="0.702953" C="0.00172515" G="0.294123" T="0.00119883"/>
      <pos A="0.995351" C="0.00172515" G="0.00172515" T="0.00119883"/>
      <pos A="0.995351" C="0.00172515" G="0.00172515" T="0.00119883"/>
      <pos A="0.0596788" C="0.294123" G="0.00172515" T="0.644474"/>
      <pos A="0.118158" C="0.878918" G="0.00172515" T="0.00119883"/>
      <pos A="0.0596788" C="0.878918" G="0.00172515" T="0.0596788"/>
      <pos A="0.00119883" C="0.411082" G="0.469561" T="0.118158"/>
      <pos A="0.235117" C="0.703479" G="0.0602051" T="0.00119883"/>
      <pos A="0.00119883" C="0.761959" G="0.00172515" T="0.235117"/>
      <pos A="0.235117" C="0.235643" G="0.528041" T="0.00119883"/>
      <pos A="0.00119883" C="0.235643" G="0.761959" T="0.00119883"/>
      <pos A="0.644474" C="0.00172515" G="0.352602" T="0.00119883"/>
      <pos A="0.469035" C="0.528041" G="0.00172515" T="0.00119883"/>
      <pos A="0.176638" C="0.645" G="0.00172515" T="0.176638"/>
      <pos A="0.00119883" C="0.703479" G="0.177164" T="0.118158"/>
    </motif>
  </queries>
  <targets>
    <motif db="0" id="MA1235.1" alt="AIL7" length="11" nsites="539"
        url="http://jaspar.genereg.net/matrix/MA1235.1">
      <pos A="0.0204422" C="0.95535" G="0.00190938" T="0.0222969"/>
      <pos A="0.211502" C="0.0315889" G="0.704933" T="0.0519764"/>
      <pos A="0.337637" C="0.191114" G="0.293135" T="0.178113"/>
      <pos A="0.42111" C="0.0853819" G="0.0557034" T="0.437805"/>
      <pos A="0.159563" C="0.074253" G="0.0204589" T="0.745726"/>
      <pos A="0.172548" C="0.461936" G="0.00376503" T="0.361752"/>
      <pos A="0.0612507" C="0.571378" G="5.47208e-05" T="0.367317"/>
      <pos A="3.80264e-05" C="0.999869" G="5.47208e-05" T="3.80264e-05"/>
      <pos A="0.246745" C="0.0334435" G="0.65485" T="0.064961"/>
      <pos A="0.959044" C="5.47208e-05" G="5.47208e-05" T="0.0408465"/>
      <pos A="0.059396" C="0.0111847" G="0.747597" T="0.181822"/>
    </motif>
    <motif db="0" id="MA1687.1" alt="ARF14" length="16" nsites="11085"
        url="http://jaspar.genereg.net/matrix/MA1687.1">
      <pos A="0.0777641" C="0.742892" G="0.0614361" T="0.117908"/>
      <pos A="0.216779" C="0.0515132" G="0.68227" T="0.0494374"/>
      <pos A="0.0449274" C="0.235996" G="0.679474" T="0.0396045"/>
      <pos A="0.0376195" C="0.239153" G="0.691381" T="0.0318466"/>
      <pos A="0.0633303" C="0.200362" G="0.706085" T="0.0302226"/>
      <pos A="0.0315756" C="0.0168725" G="0.944153" T="0.00739878"/>
      <pos A="0.912308" C="0.0142555" G="0.0673901" T="0.00604579"/>
      <pos A="0.0056848" C="0.979516" G="0.00848258" T="0.00631679"/>
      <pos A="0.971486" C="0.00541561" G="0.0175935" T="0.0055048"/>
      <pos A="0.0221036" C="0.336581" G="0.00875358" T="0.632563"/>
      <pos A="0.0210207" C="0.00857258" G="0.963729" T="0.00667779"/>
      <pos A="0.0211117" C="0.0262544" G="0.0135345" T="0.9391"/>
      <pos A="0.0210207" C="0.905903" G="0.0159705" T="0.0571053"/>
      <pos A="0.0534974" C="0.253315" G="0.585473" T="0.107714"/>
      <pos A="0.089762" C="0.232658" G="0.623362" T="0.0542184"/>
      <pos A="0.0648633" C="0.23383" G="0.627602" T="0.0737042"/>
    </motif>
  </targets>
  <matches>
    <query idx="0">
      <target idx="0" rc="y" off="-1" pv="2.31e-03" ev="3.25e+00" qv="1.00e+00"/>
      <target idx="1" rc="y" off="-1" pv="2.31e-03" ev="3.25e+00" qv="1.00e+00"/>
    </query>
  </matches>
  <runtime cycles="4964447" seconds="4.964"/>
</tomtom>
