<?xml version='1.0' encoding='UTF-8' standalone='yes'?>
<tomtom version="5.5.4" release="Fri Jun 16 12:19:08 2023 -0700">
  <model>
    <command_line>tomtom -no-ssc -oc tomtom_f_1 -verbosity 1 -min-overlap 5 -mi 1 -dist pearson -evalue -thresh 10.0 Resultadosmeme/FAIRE/GKGTSCGKSGGGDGGBGGGG.meme JASPAR2024_CORE_plants_redundant_pfms_meme.txt</command_line>
    <distance_measure value="pearson"/>
    <threshold type="evalue">10</threshold>
    <alphabet name="DNA" like="dna">
      <letter id="A" symbol="A" complement="T" name="Adenine" colour="CC0000"/>
      <letter id="C" symbol="C" complement="G" name="Cytosine" colour="0000CC"/>
      <letter id="G" symbol="G" complement="C" name="Guanine" colour="FFB300"/>
      <letter id="T" symbol="T" aliases="U" complement="A" name="Thymine" colour="008000"/>
      <letter id="N" symbol="N" aliases="X." equals="ACGT" name="Any base"/>
      <letter id="V" symbol="V" equals="ACG" name="Not T"/>
      <letter id="H" symbol="H" equals="ACT" name="Not G"/>
      <letter id="D" symbol="D" equals="AGT" name="Not C"/>
      <letter id="B" symbol="B" equals="CGT" name="Not A"/>
      <letter id="M" symbol="M" equals="AC" name="Amino"/>
      <letter id="R" symbol="R" equals="AG" name="Purine"/>
      <letter id="W" symbol="W" equals="AT" name="Weak"/>
      <letter id="S" symbol="S" equals="CG" name="Strong"/>
      <letter id="Y" symbol="Y" equals="CT" name="Pyrimidine"/>
      <letter id="K" symbol="K" equals="GT" name="Keto"/>
    </alphabet>
    <strands>both</strands>
    <background from="--query--" A="0.205" C="0.295" G="0.295" T="0.205"/>
    <host>labbces04</host>
    <when>Fri Nov 24 15:10:31 2023</when>
  </model>
  <query_dbs>
    <db source="Resultadosmeme/FAIRE/GKGTSCGKSGGGDGGBGGGG.meme" name="GKGTSCGKSGGGDGGBGGGG" loaded="1" excluded="0" last_mod_date="Tue Nov 21 08:16:15 2023"/>
  </query_dbs>
  <target_dbs>
    <db source="JASPAR2024_CORE_plants_redundant_pfms_meme.txt" name="JASPAR2024_CORE_plants_redundant_pfms_meme.txt" loaded="1407" excluded="0" last_mod_date="Fri Nov 17 18:22:13 2023"/>
  </target_dbs>
  <queries>
    <motif db="0" id="GKGTSCGKSGGGDGGBGGGG" alt="MEME-1" length="20" nsites="28" evalue="2.3e-004">
      <pos A="0.000729538" C="0.00104982" G="0.748381" T="0.24984"/>
      <pos A="0.000729538" C="0.178985" G="0.534857" T="0.285427"/>
      <pos A="0.0363164" C="0.00104982" G="0.961904" T="0.000729538"/>
      <pos A="0.24984" C="0.00104982" G="0.214573" T="0.534537"/>
      <pos A="0.107491" C="0.356922" G="0.49927" T="0.0363164"/>
      <pos A="0.000729538" C="0.641619" G="0.25016" T="0.107491"/>
      <pos A="0.000729538" C="0.107812" G="0.890729" T="0.000729538"/>
      <pos A="0.0363164" C="0.178985" G="0.49927" T="0.285427"/>
      <pos A="0.0363164" C="0.321335" G="0.641619" T="0.000729538"/>
      <pos A="0.0363164" C="0.00104982" G="0.855142" T="0.107491"/>
      <pos A="0.107491" C="0.00104982" G="0.783968" T="0.107491"/>
      <pos A="0.178665" C="0.00104982" G="0.819556" T="0.000729538"/>
      <pos A="0.24984" C="0.0366367" G="0.392509" T="0.321015"/>
      <pos A="0.000729538" C="0.0722246" G="0.783968" T="0.143078"/>
      <pos A="0.000729538" C="0.00104982" G="0.677206" T="0.321015"/>
      <pos A="0.143078" C="0.214573" G="0.25016" T="0.392188"/>
      <pos A="0.143078" C="0.25016" G="0.606032" T="0.000729538"/>
      <pos A="0.000729538" C="0.00104982" G="0.712794" T="0.285427"/>
      <pos A="0.000729538" C="0.00104982" G="0.961904" T="0.0363164"/>
      <pos A="0.24984" C="0.00104982" G="0.606032" T="0.143078"/>
    </motif>
  </queries>
  <targets>
    <motif db="0" id="MA0574.1" alt="MYB15" length="13" nsites="100"
        url="http://jaspar.genereg.net/matrix/MA0574.1">
      <pos A="0.0401648" C="0.729565" G="0.0902048" T="0.140065"/>
      <pos A="0.269935" C="0.180115" G="0.509785" T="0.0401648"/>
      <pos A="0.639565" C="0.180115" G="0.180115" T="0.000204795"/>
      <pos A="0.0401648" C="0.639655" G="0.180115" T="0.140065"/>
      <pos A="0.000204795" C="0.000294705" G="0.999296" T="0.000204795"/>
      <pos A="0.000204795" C="0.000294705" G="0.999296" T="0.000204795"/>
      <pos A="0.000204795" C="0.000294705" G="0.000294705" T="0.999206"/>
      <pos A="0.869336" C="0.0402547" G="0.000294705" T="0.0901149"/>
      <pos A="0.000204795" C="0.000294705" G="0.999296" T="0.000204795"/>
      <pos A="0.000204795" C="0.000294705" G="0.999296" T="0.000204795"/>
      <pos A="0.000204795" C="0.000294705" G="0.000294705" T="0.999206"/>
      <pos A="0.180025" C="0.000294705" G="0.779515" T="0.0401648"/>
      <pos A="0.0401648" C="0.000294705" G="0.869426" T="0.0901149"/>
    </motif>
    <motif db="0" id="MA0576.1" alt="RAX3" length="13" nsites="100"
        url="http://jaspar.genereg.net/matrix/MA0576.1">
      <pos A="0.219985" C="0.180115" G="0.419875" T="0.180025"/>
      <pos A="0.000204795" C="0.140155" G="0.859436" T="0.000204795"/>
      <pos A="0.180025" C="0.0402547" G="0.779515" T="0.000204795"/>
      <pos A="0.140065" C="0.0902048" G="0.549745" T="0.219985"/>
      <pos A="0.000204795" C="0.000294705" G="0.999296" T="0.000204795"/>
      <pos A="0.000204795" C="0.000294705" G="0.999296" T="0.000204795"/>
      <pos A="0.000204795" C="0.000294705" G="0.000294705" T="0.999206"/>
      <pos A="0.779426" C="0.0402547" G="0.0402547" T="0.140065"/>
      <pos A="0.000204795" C="0.000294705" G="0.999296" T="0.000204795"/>
      <pos A="0.000204795" C="0.000294705" G="0.999296" T="0.000204795"/>
      <pos A="0.000204795" C="0.000294705" G="0.000294705" T="0.999206"/>
      <pos A="0.000204795" C="0.000294705" G="0.959336" T="0.0401648"/>
      <pos A="0.0401648" C="0.319975" G="0.599695" T="0.0401648"/>
    </motif>
    <motif db="0" id="MA0576.2" alt="RAX3" length="12" nsites="100"
        url="http://jaspar.genereg.net/matrix/MA0576.2">
      <pos A="0.000204795" C="0.140155" G="0.859436" T="0.000204795"/>
      <pos A="0.180025" C="0.0402547" G="0.779515" T="0.000204795"/>
      <pos A="0.140065" C="0.0902048" G="0.549745" T="0.219985"/>
      <pos A="0.000204795" C="0.000294705" G="0.999296" T="0.000204795"/>
      <pos A="0.000204795" C="0.000294705" G="0.999296" T="0.000204795"/>
      <pos A="0.000204795" C="0.000294705" G="0.000294705" T="0.999206"/>
      <pos A="0.779426" C="0.0402547" G="0.0402547" T="0.140065"/>
      <pos A="0.000204795" C="0.000294705" G="0.999296" T="0.000204795"/>
      <pos A="0.000204795" C="0.000294705" G="0.999296" T="0.000204795"/>
      <pos A="0.000204795" C="0.000294705" G="0.000294705" T="0.999206"/>
      <pos A="0.000204795" C="0.000294705" G="0.959336" T="0.0401648"/>
      <pos A="0.0401648" C="0.319975" G="0.599695" T="0.0401648"/>
    </motif>
    <motif db="0" id="MA0976.2" alt="CRF4" length="12" nsites="1900"
        url="http://jaspar.genereg.net/matrix/MA0976.2">
      <pos A="0.0868482" C="0.614194" G="0.130009" T="0.168949"/>
      <pos A="0.131057" C="0.724714" G="0.0584335" T="0.0857953"/>
      <pos A="0.0468503" C="0.00212041" G="0.917862" T="0.033167"/>
      <pos A="0.00211568" C="0.981543" G="0.0115939" T="0.00474754"/>
      <pos A="0.00527351" C="0.982069" G="0.00791011" T="0.00474754"/>
      <pos A="0.0594817" C="0.00106847" G="0.912599" T="0.0268514"/>
      <pos A="0.00527351" C="0.944177" G="0.00475228" T="0.0457974"/>
      <pos A="0.0289563" C="0.94944" G="0.00843608" T="0.0131681"/>
      <pos A="0.581033" C="0.00633119" G="0.343681" T="0.0689542"/>
      <pos A="0.0352719" C="0.873128" G="0.0210674" T="0.0705331"/>
      <pos A="0.174213" C="0.527356" G="0.104221" T="0.194212"/>
      <pos A="0.322099" C="0.0884319" G="0.398416" T="0.191054"/>
    </motif>
    <motif db="0" id="MA0992.1" alt="ERF4" length="8" nsites="1001"
        url="http://jaspar.genereg.net/matrix/MA0992.1">
      <pos A="0.168835" C="0.516462" G="0.224782" T="0.0899215"/>
      <pos A="0.065014" C="0.725957" G="0.115018" T="0.0940111"/>
      <pos A="0.0240181" C="0.0180277" G="0.951934" T="0.00601988"/>
      <pos A="0.0120193" C="0.89894" G="0.0830212" T="0.00601988"/>
      <pos A="0.0120193" C="0.975932" G="0.0120283" T="2.04775e-05"/>
      <pos A="0.00601988" C="0.00602887" G="0.987931" T="2.04775e-05"/>
      <pos A="0.0560709" C="0.662626" G="0.131147" T="0.150155"/>
      <pos A="0.122885" C="0.799151" G="0.0389866" T="0.0389776"/>
    </motif>
    <motif db="0" id="MA1000.3" alt="ERF105" length="10" nsites="586"
        url="http://jaspar.genereg.net/matrix/MA1000.3">
      <pos A="0.322506" C="0.0631796" G="0.532382" T="0.081932"/>
      <pos A="0.0853444" C="0.523852" G="5.03327e-05" T="0.390753"/>
      <pos A="3.4977e-05" C="5.03327e-05" G="0.99988" T="3.4977e-05"/>
      <pos A="0.0358649" C="5.03327e-05" G="0.96405" T="3.4977e-05"/>
      <pos A="0.00174069" C="0.970875" G="5.03327e-05" T="0.0273343"/>
      <pos A="3.4977e-05" C="5.03327e-05" G="0.99988" T="3.4977e-05"/>
      <pos A="3.4977e-05" C="0.00175604" G="0.998174" T="3.4977e-05"/>
      <pos A="0.0358649" C="0.92822" G="5.03327e-05" T="0.0358649"/>
      <pos A="0.00174069" C="5.03327e-05" G="0.892389" T="0.105819"/>
      <pos A="0.133118" C="0.186026" G="0.651816" T="0.02904"/>
    </motif>
    <motif db="0" id="MA1001.3" alt="ERF11" length="12" nsites="1373"
        url="http://jaspar.genereg.net/matrix/MA1001.3">
      <pos A="0.100518" C="0.604493" G="0.13184" T="0.163149"/>
      <pos A="0.140573" C="0.734127" G="0.0459031" T="0.0793971"/>
      <pos A="0.0429838" C="0.00439117" G="0.924936" T="0.0276899"/>
      <pos A="0.00292772" C="0.981013" G="0.00948879" T="0.00656945"/>
      <pos A="0.0116671" C="0.980285" G="0.00366322" T="0.00438461"/>
      <pos A="0.0553639" C="0.00147838" G="0.925664" T="0.0174937"/>
      <pos A="0.00656945" C="0.932947" G="0.00657601" T="0.053908"/>
      <pos A="0.0291458" C="0.949697" G="0.0080329" T="0.013124"/>
      <pos A="0.620509" C="0.00366322" G="0.316822" T="0.0590056"/>
      <pos A="0.0619184" C="0.790933" G="0.0327941" T="0.114355"/>
      <pos A="0.211216" C="0.475588" G="0.104894" T="0.208303"/>
      <pos A="0.316816" C="0.0917848" G="0.380183" T="0.211216"/>
    </motif>
    <motif db="0" id="MA1219.1" alt="ERF011" length="15" nsites="600"
        url="http://jaspar.genereg.net/matrix/MA1219.1">
      <pos A="0.121681" C="0.508297" G="0.125028" T="0.244993"/>
      <pos A="0.168339" C="0.571621" G="0.0767034" T="0.183337"/>
      <pos A="0.383303" C="0.160022" G="0.215013" T="0.241661"/>
      <pos A="0.136678" C="0.47497" G="0.108364" T="0.279988"/>
      <pos A="0.173338" C="0.586618" G="0.0650383" T="0.175005"/>
      <pos A="0.321648" C="0.0617059" G="0.255007" T="0.361641"/>
      <pos A="0.0716892" C="0.608281" G="0.0733699" T="0.24666"/>
      <pos A="0.00836577" C="0.959889" G="0.0117142" T="0.0200308"/>
      <pos A="0.84656" C="4.91584e-05" G="0.153357" T="3.4161e-05"/>
      <pos A="3.4161e-05" C="0.991551" G="4.91584e-05" T="0.00836577"/>
      <pos A="0.00336661" C="0.99655" G="4.91584e-05" T="3.4161e-05"/>
      <pos A="0.0316959" C="4.91584e-05" G="0.966555" T="0.00170088"/>
      <pos A="0.456625" C="0.334993" G="4.91584e-05" T="0.208332"/>
      <pos A="0.00170088" C="0.989884" G="0.00171588" T="0.00670005"/>
      <pos A="0.524947" C="0.168354" G="0.166688" T="0.140011"/>
    </motif>
    <motif db="0" id="MA1222.1" alt="ERF014" length="15" nsites="595"
        url="http://jaspar.genereg.net/matrix/MA1222.1">
      <pos A="0.102538" C="0.574743" G="0.0874299" T="0.235289"/>
      <pos A="0.134466" C="0.663804" G="0.0672653" T="0.134466"/>
      <pos A="0.394926" C="0.0958315" G="0.233623" T="0.275618"/>
      <pos A="0.127744" C="0.606671" G="0.0823887" T="0.183197"/>
      <pos A="0.131104" C="0.680607" G="0.0555023" T="0.132785"/>
      <pos A="0.24033" C="0.0420595" G="0.346209" T="0.371401"/>
      <pos A="0.038683" C="0.749504" G="0.0655846" T="0.146228"/>
      <pos A="0.00171517" C="0.99484" G="4.95715e-05" T="0.00339488"/>
      <pos A="0.858714" C="4.95715e-05" G="0.122718" T="0.0185183"/>
      <pos A="3.4448e-05" C="0.999882" G="4.95715e-05" T="3.4448e-05"/>
      <pos A="3.4448e-05" C="0.999882" G="4.95715e-05" T="3.4448e-05"/>
      <pos A="0.0454048" C="4.95715e-05" G="0.954511" T="3.4448e-05"/>
      <pos A="0.275618" C="0.515929" G="0.015173" T="0.193279"/>
      <pos A="3.4448e-05" C="0.99316" G="4.95715e-05" T="0.00675632"/>
      <pos A="0.589851" C="0.00341001" G="0.230263" T="0.176476"/>
    </motif>
    <motif db="0" id="MA1232.1" alt="ERF054" length="20" nsites="567"
        url="http://jaspar.genereg.net/matrix/MA1232.1">
      <pos A="0.0194327" C="0.00534209" G="0.962845" T="0.01238"/>
      <pos A="0.26983" C="0.0370825" G="0.35096" T="0.342128"/>
      <pos A="0.00179984" C="0.994586" G="5.2019e-05" T="0.00356253"/>
      <pos A="3.61489e-05" C="5.2019e-05" G="0.999876" T="3.61489e-05"/>
      <pos A="3.61489e-05" C="0.0035784" G="0.996349" T="3.61489e-05"/>
      <pos A="3.61489e-05" C="0.375647" G="5.2019e-05" T="0.624265"/>
      <pos A="0.040593" C="0.0212123" G="0.853517" T="0.0846772"/>
      <pos A="0.135814" C="0.169334" G="0.659548" T="0.0353029"/>
      <pos A="0.375631" C="0.33509" G="0.0705866" T="0.218693"/>
      <pos A="0.174608" C="0.0529527" G="0.58196" T="0.190479"/>
      <pos A="0.315677" C="0.10938" G="0.416205" T="0.158738"/>
      <pos A="0.250433" C="0.31393" G="0.149938" T="0.2857"/>
      <pos A="0.190479" C="0.12525" G="0.484975" T="0.199296"/>
      <pos A="0.232799" C="0.144648" G="0.465578" T="0.156974"/>
      <pos A="0.202822" C="0.278663" G="0.164044" T="0.354471"/>
      <pos A="0.220456" C="0.14641" G="0.497318" T="0.135814"/>
      <pos A="0.213403" C="0.16228" G="0.440891" T="0.183426"/>
      <pos A="0.202822" C="0.269845" G="0.194022" T="0.33331"/>
      <pos A="0.213403" C="0.171098" G="0.432075" T="0.183426"/>
      <pos A="0.253959" C="0.149938" G="0.407387" T="0.188716"/>
    </motif>
    <motif db="0" id="MA1239.1" alt="ERF104" length="19" nsites="557"
        url="http://jaspar.genereg.net/matrix/MA1239.1">
      <pos A="0.140048" C="0.536761" G="0.134679" T="0.188513"/>
      <pos A="0.271083" C="0.172374" G="0.348284" T="0.208258"/>
      <pos A="0.145433" C="0.569071" G="0.104163" T="0.181333"/>
      <pos A="0.174153" C="0.554711" G="0.100574" T="0.170563"/>
      <pos A="0.296214" C="0.109548" G="0.37162" T="0.222618"/>
      <pos A="0.120302" C="0.525991" G="0.100574" T="0.253133"/>
      <pos A="0.154408" C="0.651642" G="0.0592883" T="0.134663"/>
      <pos A="0.224414" C="0.0898038" G="0.38239" T="0.303393"/>
      <pos A="0.0395267" C="0.662412" G="0.136473" T="0.161588"/>
      <pos A="0.147227" C="0.832937" G="0.010823" T="0.00901219"/>
      <pos A="0.0646572" C="5.29527e-05" G="0.890378" T="0.0449117"/>
      <pos A="3.67978e-05" C="0.996283" G="0.00364331" T="3.67978e-05"/>
      <pos A="3.67978e-05" C="0.999873" G="5.29527e-05" T="3.67978e-05"/>
      <pos A="0.0485021" C="5.29527e-05" G="0.946023" T="0.00542183"/>
      <pos A="0.00362715" C="0.836528" G="5.29527e-05" T="0.159793"/>
      <pos A="0.00721651" C="0.992694" G="5.29527e-05" T="3.67978e-05"/>
      <pos A="0.384169" C="5.29527e-05" G="0.50445" T="0.111328"/>
      <pos A="0.0718369" C="0.491886" G="0.0915985" T="0.344679"/>
      <pos A="0.233388" C="0.391365" G="0.107754" T="0.267493"/>
    </motif>
    <motif db="0" id="MA1239.2" alt="ERF104" length="16" nsites="557"
        url="http://jaspar.genereg.net/matrix/MA1239.2">
      <pos A="0.145433" C="0.569071" G="0.104163" T="0.181333"/>
      <pos A="0.174153" C="0.554711" G="0.100574" T="0.170563"/>
      <pos A="0.296214" C="0.109548" G="0.37162" T="0.222618"/>
      <pos A="0.120302" C="0.525991" G="0.100574" T="0.253133"/>
      <pos A="0.154408" C="0.651642" G="0.0592883" T="0.134663"/>
      <pos A="0.224414" C="0.0898038" G="0.38239" T="0.303393"/>
      <pos A="0.0395267" C="0.662412" G="0.136473" T="0.161588"/>
      <pos A="0.147227" C="0.832937" G="0.010823" T="0.00901219"/>
      <pos A="0.0646572" C="5.29527e-05" G="0.890378" T="0.0449117"/>
      <pos A="3.67978e-05" C="0.996283" G="0.00364331" T="3.67978e-05"/>
      <pos A="3.67978e-05" C="0.999873" G="5.29527e-05" T="3.67978e-05"/>
      <pos A="0.0485021" C="5.29527e-05" G="0.946023" T="0.00542183"/>
      <pos A="0.00362715" C="0.836528" G="5.29527e-05" T="0.159793"/>
      <pos A="0.00721651" C="0.992694" G="5.29527e-05" T="3.67978e-05"/>
      <pos A="0.384169" C="5.29527e-05" G="0.50445" T="0.111328"/>
      <pos A="0.0718369" C="0.491886" G="0.0915985" T="0.344679"/>
    </motif>
    <motif db="0" id="MA1240.1" alt="ERF10" length="21" nsites="571"
        url="http://jaspar.genereg.net/matrix/MA1240.1">
      <pos A="0.255683" C="0.20492" G="0.24169" T="0.297707"/>
      <pos A="0.138366" C="0.504341" G="0.129626" T="0.227667"/>
      <pos A="0.192646" C="0.478077" G="0.11912" T="0.210157"/>
      <pos A="0.309964" C="0.154141" G="0.309979" T="0.225915"/>
      <pos A="0.187394" C="0.50084" G="0.129626" T="0.182141"/>
      <pos A="0.14712" C="0.544614" G="0.0981085" T="0.210157"/>
      <pos A="0.243426" C="0.168148" G="0.306478" T="0.281948"/>
      <pos A="0.157626" C="0.495587" G="0.0858506" T="0.260936"/>
      <pos A="0.201402" C="0.567378" G="0.0175616" T="0.213658"/>
      <pos A="0.264438" C="0.112116" G="0.302976" T="0.32047"/>
      <pos A="0.0613212" C="0.598896" G="0.131378" T="0.208405"/>
      <pos A="0.0403088" C="0.942094" G="0.0105578" T="0.00703967"/>
      <pos A="0.0665742" C="5.16547e-05" G="0.784502" T="0.148872"/>
      <pos A="3.58957e-05" C="0.999877" G="5.16547e-05" T="3.58957e-05"/>
      <pos A="3.58957e-05" C="0.999877" G="5.16547e-05" T="3.58957e-05"/>
      <pos A="0.0473126" C="5.16547e-05" G="0.9526" T="3.58957e-05"/>
      <pos A="0.00879136" C="0.894816" G="5.16547e-05" T="0.096341"/>
      <pos A="0.0595705" C="0.924584" G="5.16547e-05" T="0.0157951"/>
      <pos A="0.341482" C="5.16547e-05" G="0.565627" T="0.0928396"/>
      <pos A="0.0770804" C="0.542864" G="0.0735938" T="0.306462"/>
      <pos A="0.25043" C="0.318735" G="0.150638" T="0.280197"/>
    </motif>
    <motif db="0" id="MA1240.2" alt="ERF077" length="10" nsites="571"
        url="http://jaspar.genereg.net/matrix/MA1240.2">
      <pos A="0.0613212" C="0.598896" G="0.131378" T="0.208405"/>
      <pos A="0.0403088" C="0.942094" G="0.0105578" T="0.00703967"/>
      <pos A="0.0665742" C="5.16547e-05" G="0.784502" T="0.148872"/>
      <pos A="3.58957e-05" C="0.999877" G="5.16547e-05" T="3.58957e-05"/>
      <pos A="3.58957e-05" C="0.999877" G="5.16547e-05" T="3.58957e-05"/>
      <pos A="0.0473126" C="5.16547e-05" G="0.9526" T="3.58957e-05"/>
      <pos A="0.00879136" C="0.894816" G="5.16547e-05" T="0.096341"/>
      <pos A="0.0595705" C="0.924584" G="5.16547e-05" T="0.0157951"/>
      <pos A="0.341482" C="5.16547e-05" G="0.565627" T="0.0928396"/>
      <pos A="0.0770804" C="0.542864" G="0.0735938" T="0.306462"/>
    </motif>
    <motif db="0" id="MA1246.1" alt="LEP" length="21" nsites="490"
        url="http://jaspar.genereg.net/matrix/MA1246.1">
      <pos A="0.255092" C="0.151049" G="0.261231" T="0.332627"/>
      <pos A="0.0816582" C="0.51016" G="0.159212" T="0.248971"/>
      <pos A="0.0734958" C="0.842745" G="0.0184234" T="0.0653345"/>
      <pos A="0.140829" C="0.0469896" G="0.46119" T="0.35099"/>
      <pos A="0.00820316" C="0.812139" G="0.106161" T="0.0734958"/>
      <pos A="0.004123" C="0.995775" G="6.01917e-05" T="4.18283e-05"/>
      <pos A="0.053092" C="6.01917e-05" G="0.930482" T="0.0163655"/>
      <pos A="4.18283e-05" C="0.979452" G="6.01917e-05" T="0.0204457"/>
      <pos A="4.18283e-05" C="0.997816" G="6.01917e-05" T="0.00208241"/>
      <pos A="0.0469713" C="6.01917e-05" G="0.938645" T="0.0143249"/>
      <pos A="0.0245268" C="0.614221" G="0.0408679" T="0.320384"/>
      <pos A="0.153072" C="0.618301" G="0.044949" T="0.183677"/>
      <pos A="0.420364" C="0.0551509" G="0.297958" T="0.226527"/>
      <pos A="0.242849" C="0.473433" G="0.0898379" T="0.19388"/>
      <pos A="0.271415" C="0.385695" G="0.0837161" T="0.259173"/>
      <pos A="0.255092" C="0.114323" G="0.381615" T="0.248971"/>
      <pos A="0.124506" C="0.514241" G="0.114323" T="0.24693"/>
      <pos A="0.220405" C="0.518321" G="0.0979992" T="0.163274"/>
      <pos A="0.146951" C="0.163292" G="0.453029" T="0.236729"/>
      <pos A="0.179597" C="0.489756" G="0.104121" T="0.226527"/>
      <pos A="0.13879" C="0.567291" G="0.0898379" T="0.204082"/>
    </motif>
    <motif db="0" id="MA1248.1" alt="ERF012" length="20" nsites="568"
        url="http://jaspar.genereg.net/matrix/MA1248.1">
      <pos A="0.190144" C="0.397869" G="0.149674" T="0.262314"/>
      <pos A="0.214787" C="0.452437" G="0.114469" T="0.218308"/>
      <pos A="0.332724" C="0.183119" G="0.232405" T="0.251753"/>
      <pos A="0.200705" C="0.457717" G="0.135591" T="0.205986"/>
      <pos A="0.193664" C="0.482361" G="0.116228" T="0.207746"/>
      <pos A="0.339765" C="0.161995" G="0.235925" T="0.262314"/>
      <pos A="0.186623" C="0.440115" G="0.12151" T="0.251753"/>
      <pos A="0.193664" C="0.487642" G="0.0915848" T="0.227109"/>
      <pos A="0.37145" C="0.12151" G="0.239447" T="0.267595"/>
      <pos A="0.186623" C="0.455958" G="0.12503" T="0.232389"/>
      <pos A="0.179581" C="0.538689" G="0.0898251" T="0.191903"/>
      <pos A="0.30632" C="0.0739829" G="0.251769" T="0.367929"/>
      <pos A="0.045803" C="0.693592" G="0.0880644" T="0.172541"/>
      <pos A="3.60852e-05" C="0.999876" G="5.19274e-05" T="3.60852e-05"/>
      <pos A="0.932971" C="5.19274e-05" G="0.0634208" T="0.00355647"/>
      <pos A="3.60852e-05" C="0.999876" G="5.19274e-05" T="3.60852e-05"/>
      <pos A="0.00179678" C="0.998115" G="5.19274e-05" T="3.60852e-05"/>
      <pos A="0.00707685" C="0.00181262" G="0.991074" T="3.60852e-05"/>
      <pos A="0.526351" C="0.301055" G="5.19274e-05" T="0.172541"/>
      <pos A="3.60852e-05" C="0.982273" G="5.19274e-05" T="0.017639"/>
    </motif>
    <motif db="0" id="MA1252.2" alt="ERF086" length="10" nsites="478"
        url="http://jaspar.genereg.net/matrix/MA1252.2">
      <pos A="0.127631" C="0.531332" G="0.0774515" T="0.263586"/>
      <pos A="0.0816158" C="0.830432" G="6.17025e-05" T="0.0878905"/>
      <pos A="0.123448" C="6.17025e-05" G="0.535515" T="0.340976"/>
      <pos A="4.28781e-05" C="0.830432" G="0.12765" T="0.0418751"/>
      <pos A="0.00213444" C="0.997761" G="6.17025e-05" T="4.28781e-05"/>
      <pos A="0.0167754" C="6.17025e-05" G="0.981028" T="0.00213444"/>
      <pos A="0.004226" C="0.974753" G="0.00215326" T="0.0188669"/>
      <pos A="0.00631757" C="0.993578" G="6.17025e-05" T="4.28781e-05"/>
      <pos A="0.0272342" C="6.17025e-05" G="0.960112" T="0.0125923"/>
      <pos A="0.0167754" C="0.543881" G="0.0230699" T="0.416274"/>
    </motif>
    <motif db="0" id="MA1262.1" alt="ERF2" length="21" nsites="595"
        url="http://jaspar.genereg.net/matrix/MA1262.1">
      <pos A="0.166393" C="0.463838" G="0.122718" T="0.247052"/>
      <pos A="0.19664" C="0.467198" G="0.124399" T="0.211764"/>
      <pos A="0.284021" C="0.137841" G="0.314283" T="0.263856"/>
      <pos A="0.15463" C="0.527692" G="0.124399" T="0.193279"/>
      <pos A="0.191599" C="0.492404" G="0.124399" T="0.191599"/>
      <pos A="0.272258" C="0.139522" G="0.369735" T="0.218485"/>
      <pos A="0.10926" C="0.546176" G="0.105914" T="0.238649"/>
      <pos A="0.171435" C="0.584825" G="0.0454199" T="0.19832"/>
      <pos A="0.272258" C="0.0773476" G="0.319324" T="0.331071"/>
      <pos A="0.0571678" C="0.616753" G="0.142883" T="0.183197"/>
      <pos A="0.19832" C="0.757905" G="0.015173" T="0.0286006"/>
      <pos A="0.0706106" C="4.95715e-05" G="0.855368" T="0.073972"/>
      <pos A="0.0050756" C="0.99148" G="4.95715e-05" T="0.00339488"/>
      <pos A="0.0117975" C="0.988119" G="4.95715e-05" T="3.4448e-05"/>
      <pos A="0.0722913" C="4.95715e-05" G="0.924264" T="0.00339488"/>
      <pos A="3.4448e-05" C="0.94947" G="4.95715e-05" T="0.050446"/>
      <pos A="3.4448e-05" C="0.999882" G="4.95715e-05" T="3.4448e-05"/>
      <pos A="0.297463" C="4.95715e-05" G="0.593227" T="0.10926"/>
      <pos A="0.0437241" C="0.512568" G="0.0874299" T="0.356278"/>
      <pos A="0.205042" C="0.421828" G="0.13112" T="0.242011"/>
      <pos A="0.36636" C="0.0487804" G="0.356293" T="0.228567"/>
    </motif>
    <motif db="0" id="MA1263.2" alt="ERF055" length="9" nsites="598"
        url="http://jaspar.genereg.net/matrix/MA1263.2">
      <pos A="0.0836323" C="0.0752877" G="0.463183" T="0.377897"/>
      <pos A="3.42752e-05" C="4.93228e-05" G="0.999882" T="3.42752e-05"/>
      <pos A="0.195654" C="0.031817" G="0.285955" T="0.486575"/>
      <pos A="3.42752e-05" C="0.999882" G="4.93228e-05" T="3.42752e-05"/>
      <pos A="3.42752e-05" C="4.93228e-05" G="0.999882" T="3.42752e-05"/>
      <pos A="3.42752e-05" C="4.93228e-05" G="0.99821" T="0.001706"/>
      <pos A="3.42752e-05" C="0.232451" G="4.93228e-05" T="0.767465"/>
      <pos A="0.01341" C="0.0301443" G="0.894549" T="0.0618969"/>
      <pos A="0.185622" C="0.117087" G="0.632051" T="0.0652404"/>
    </motif>
    <motif db="0" id="MA1671.2" alt="ERF118" length="8" nsites="3399"
        url="http://jaspar.genereg.net/matrix/MA1671.2">
      <pos A="0.0747318" C="0.679306" G="0.104154" T="0.141808"/>
      <pos A="0.00883177" C="0.983505" G="8.67876e-06" T="0.00765481"/>
      <pos A="0.0573743" C="0.00236261" G="0.937316" T="0.00294794"/>
      <pos A="6.03102e-06" C="0.999096" G="0.000596661" T="0.000300022"/>
      <pos A="0.00559587" C="0.991448" G="0.000891653" T="0.00206497"/>
      <pos A="0.0500196" C="0.0026566" G="0.938492" T="0.00883177"/>
      <pos A="0.000594014" C="0.982034" G="0.00324458" T="0.0141276"/>
      <pos A="0.174464" C="0.559863" G="0.0841482" T="0.181525"/>
    </motif>
    <motif db="0" id="MA1768.1" alt="MYB30" length="15" nsites="1000"
        url="http://jaspar.genereg.net/matrix/MA1768.1">
      <pos A="0.153204" C="0.306396" G="0.195296" T="0.345104"/>
      <pos A="0.14142" C="0.356896" G="0.0841961" T="0.417487"/>
      <pos A="0.260937" C="0.43938" G="0.0673628" T="0.23232"/>
      <pos A="0.180137" C="0.537013" G="0.0673628" T="0.215487"/>
      <pos A="0.0118043" C="0.843379" G="2.9497e-05" T="0.144787"/>
      <pos A="0.983086" C="0.01518" G="2.9497e-05" T="0.00170433"/>
      <pos A="0.880403" C="0.102713" G="0.00339616" T="0.0134872"/>
      <pos A="2.0498e-05" C="0.99993" G="2.9497e-05" T="2.0498e-05"/>
      <pos A="0.0623043" C="0.525229" G="0.0219133" T="0.390553"/>
      <pos A="0.764253" C="0.0118133" G="0.173413" T="0.0505204"/>
      <pos A="0.166671" C="0.744062" G="2.9497e-05" T="0.0892376"/>
      <pos A="0.0858709" C="0.681779" G="2.9497e-05" T="0.23232"/>
      <pos A="0.61612" C="0.0791466" G="0.0572628" T="0.247471"/>
      <pos A="0.402337" C="0.383829" G="0.04548" T="0.168354"/>
      <pos A="0.16162" C="0.612762" G="0.04548" T="0.180137"/>
    </motif>
    <motif db="0" id="MA1768.2" alt="MYB30" length="12" nsites="999"
        url="http://jaspar.genereg.net/matrix/MA1768.2">
      <pos A="0.180182" C="0.537514" G="0.0670898" T="0.215214"/>
      <pos A="0.0120193" C="0.842945" G="2.95265e-05" T="0.145006"/>
      <pos A="0.982922" C="0.015028" G="2.95265e-05" T="0.00202032"/>
      <pos A="0.880813" C="0.103122" G="0.00303223" T="0.0130322"/>
      <pos A="2.05185e-05" C="0.999929" G="2.95265e-05" T="2.05185e-05"/>
      <pos A="0.0620143" C="0.524977" G="0.0220273" T="0.390981"/>
      <pos A="0.763944" C="0.0120283" G="0.173012" T="0.0510154"/>
      <pos A="0.167004" C="0.743955" G="2.95265e-05" T="0.0890116"/>
      <pos A="0.0860119" C="0.681961" G="2.95265e-05" T="0.231997"/>
      <pos A="0.616576" C="0.0791006" G="0.0570808" T="0.247243"/>
      <pos A="0.402382" C="0.384375" G="0.04507" T="0.168172"/>
      <pos A="0.162004" C="0.612968" G="0.045025" T="0.180003"/>
    </motif>
    <motif db="0" id="MA1779.1" alt="MYB83" length="11" nsites="1000"
        url="http://jaspar.genereg.net/matrix/MA1779.1">
      <pos A="0.130031" C="0.508253" G="0.0969468" T="0.264769"/>
      <pos A="0.108757" C="0.810823" G="0.00475702" T="0.0756629"/>
      <pos A="0.999921" C="2.9497e-05" G="2.9497e-05" T="2.0498e-05"/>
      <pos A="0.231675" C="0.75882" G="0.00948455" T="2.0498e-05"/>
      <pos A="2.0498e-05" C="0.992838" G="2.9497e-05" T="0.00711179"/>
      <pos A="0.848636" C="0.0142121" G="0.00712079" T="0.130031"/>
      <pos A="0.822633" C="0.125313" G="0.0520333" T="2.0498e-05"/>
      <pos A="0.184399" C="0.801368" G="0.0142121" T="2.0498e-05"/>
      <pos A="0.290771" C="0.489343" G="0.0165758" T="0.20331"/>
      <pos A="0.31441" C="0.252959" G="0.191499" T="0.241131"/>
      <pos A="0.186763" C="0.557894" G="0.0662169" T="0.189127"/>
    </motif>
    <motif db="0" id="MA1817.1" alt="Zm00001d020267" length="13" nsites="14801"
        url="http://jaspar.genereg.net/matrix/MA1817.1">
      <pos A="0.126547" C="0.502668" G="0.211271" T="0.159516"/>
      <pos A="0.104116" C="0.563879" G="0.201677" T="0.13033"/>
      <pos A="0.0306072" C="0.0480387" G="0.888382" T="0.0329722"/>
      <pos A="0.0202022" C="0.906421" G="0.0461477" T="0.0272292"/>
      <pos A="0.0183113" C="0.920474" G="0.0374987" T="0.0237162"/>
      <pos A="0.0383091" C="0.0166899" G="0.922636" T="0.0223642"/>
      <pos A="0.0208102" C="0.909529" G="0.0427017" T="0.0269592"/>
      <pos A="0.0187163" C="0.92892" G="0.0301348" T="0.0222292"/>
      <pos A="0.0309452" C="0.0157439" G="0.921488" T="0.0318232"/>
      <pos A="0.0256072" C="0.895679" G="0.0443907" T="0.0343232"/>
      <pos A="0.0239182" C="0.896354" G="0.0513496" T="0.0283772"/>
      <pos A="0.148909" C="0.207014" G="0.516248" T="0.12783"/>
      <pos A="0.135531" C="0.472467" G="0.224106" T="0.167894"/>
    </motif>
    <motif db="0" id="MA1817.2" alt="Zm00001d020267" length="10" nsites="14801"
        url="http://jaspar.genereg.net/matrix/MA1817.2">
      <pos A="0.104116" C="0.563879" G="0.201677" T="0.13033"/>
      <pos A="0.0306072" C="0.0480387" G="0.888382" T="0.0329722"/>
      <pos A="0.0202022" C="0.906421" G="0.0461477" T="0.0272292"/>
      <pos A="0.0183113" C="0.920474" G="0.0374987" T="0.0237162"/>
      <pos A="0.0383091" C="0.0166899" G="0.922636" T="0.0223642"/>
      <pos A="0.0208102" C="0.909529" G="0.0427017" T="0.0269592"/>
      <pos A="0.0187163" C="0.92892" G="0.0301348" T="0.0222292"/>
      <pos A="0.0309452" C="0.0157439" G="0.921488" T="0.0318232"/>
      <pos A="0.0256072" C="0.895679" G="0.0443907" T="0.0343232"/>
      <pos A="0.0239182" C="0.896354" G="0.0513496" T="0.0283772"/>
    </motif>
    <motif db="0" id="MA1818.1" alt="Zm00001d052229" length="10" nsites="8956"
        url="http://jaspar.genereg.net/matrix/MA1818.1">
      <pos A="0.108867" C="0.536062" G="0.226553" T="0.128518"/>
      <pos A="0.133208" C="0.177201" G="0.581395" T="0.108197"/>
      <pos A="2.28895e-06" C="0.999992" G="3.29384e-06" T="2.28895e-06"/>
      <pos A="2.28895e-06" C="0.999992" G="3.29384e-06" T="2.28895e-06"/>
      <pos A="2.28895e-06" C="3.29384e-06" G="0.999992" T="2.28895e-06"/>
      <pos A="2.28895e-06" C="0.999992" G="3.29384e-06" T="2.28895e-06"/>
      <pos A="2.28895e-06" C="0.999992" G="3.29384e-06" T="2.28895e-06"/>
      <pos A="2.28895e-06" C="3.29384e-06" G="0.999992" T="2.28895e-06"/>
      <pos A="0.10909" C="0.563753" G="0.192051" T="0.135106"/>
      <pos A="0.102725" C="0.574137" G="0.213043" T="0.110095"/>
    </motif>
    <motif db="0" id="MA1819.1" alt="Zm00001d005892" length="12" nsites="27373"
        url="http://jaspar.genereg.net/matrix/MA1819.1">
      <pos A="0.140613" C="0.257918" G="0.467503" T="0.133964"/>
      <pos A="0.134256" C="0.436707" G="0.246301" T="0.182735"/>
      <pos A="0.0278016" C="0.89252" G="0.0478219" T="0.0318566"/>
      <pos A="0.0290436" C="0.028021" G="0.914987" T="0.0279476"/>
      <pos A="0.0311266" C="0.859495" G="0.0655398" T="0.0438396"/>
      <pos A="0.0195457" C="0.922476" G="0.033501" T="0.0244777"/>
      <pos A="0.0290436" C="0.015893" G="0.928687" T="0.0263767"/>
      <pos A="0.0323316" C="0.857851" G="0.0619599" T="0.0478576"/>
      <pos A="0.0223947" C="0.91411" G="0.0361679" T="0.0273266"/>
      <pos A="0.0453376" C="0.0375929" G="0.880903" T="0.0361676"/>
      <pos A="0.137654" C="0.470864" G="0.215943" T="0.175538"/>
      <pos A="0.121616" C="0.494903" G="0.240383" T="0.143097"/>
    </motif>
    <motif db="0" id="MA1820.1" alt="Zm00001d024324" length="13" nsites="22719"
        url="http://jaspar.genereg.net/matrix/MA1820.1">
      <pos A="0.136186" C="0.260971" G="0.471014" T="0.131828"/>
      <pos A="0.11968" C="0.471323" G="0.240416" T="0.168581"/>
      <pos A="0.0241218" C="0.90391" G="0.0422121" T="0.0297558"/>
      <pos A="0.0277308" C="0.0275992" G="0.913241" T="0.0314278"/>
      <pos A="0.0209088" C="0.91038" G="0.0411121" T="0.0275988"/>
      <pos A="0.0208648" C="0.922441" G="0.0305922" T="0.0261028"/>
      <pos A="0.0272468" C="0.0154072" G="0.93054" T="0.0268068"/>
      <pos A="0.0223608" C="0.894359" G="0.0484191" T="0.0348617"/>
      <pos A="0.0219648" C="0.912581" G="0.0380311" T="0.0274228"/>
      <pos A="0.0301518" C="0.0187082" G="0.917643" T="0.0334968"/>
      <pos A="0.0304598" C="0.878777" G="0.0489911" T="0.0417717"/>
      <pos A="0.10938" C="0.525066" G="0.235926" T="0.129627"/>
      <pos A="0.132664" C="0.237995" G="0.488225" T="0.141115"/>
    </motif>
    <motif db="0" id="MA1820.2" alt="Zm00001d024324" length="9" nsites="22719"
        url="http://jaspar.genereg.net/matrix/MA1820.2">
      <pos A="0.0241218" C="0.90391" G="0.0422121" T="0.0297558"/>
      <pos A="0.0277308" C="0.0275992" G="0.913241" T="0.0314278"/>
      <pos A="0.0209088" C="0.91038" G="0.0411121" T="0.0275988"/>
      <pos A="0.0208648" C="0.922441" G="0.0305922" T="0.0261028"/>
      <pos A="0.0272468" C="0.0154072" G="0.93054" T="0.0268068"/>
      <pos A="0.0223608" C="0.894359" G="0.0484191" T="0.0348617"/>
      <pos A="0.0219648" C="0.912581" G="0.0380311" T="0.0274228"/>
      <pos A="0.0301518" C="0.0187082" G="0.917643" T="0.0334968"/>
      <pos A="0.0304598" C="0.878777" G="0.0489911" T="0.0417717"/>
    </motif>
    <motif db="0" id="MA1821.1" alt="Zm00001d020595" length="11" nsites="7064"
        url="http://jaspar.genereg.net/matrix/MA1821.1">
      <pos A="0.121179" C="0.203427" G="0.552374" T="0.123019"/>
      <pos A="0.136184" C="0.168037" G="0.600081" T="0.0956975"/>
      <pos A="2.902e-06" C="0.99999" G="4.17604e-06" T="2.902e-06"/>
      <pos A="2.902e-06" C="4.17604e-06" G="0.99999" T="2.902e-06"/>
      <pos A="0.0001449" C="4.17604e-06" G="0.999565" T="0.000285898"/>
      <pos A="2.902e-06" C="0.999707" G="0.000146174" T="0.0001449"/>
      <pos A="2.902e-06" C="4.17604e-06" G="0.99999" T="2.902e-06"/>
      <pos A="2.902e-06" C="4.17604e-06" G="0.99999" T="2.902e-06"/>
      <pos A="2.902e-06" C="0.998857" G="0.00042917" T="0.000710892"/>
      <pos A="0.107447" C="0.168886" G="0.623579" T="0.100086"/>
      <pos A="0.157136" C="0.204984" G="0.52831" T="0.109571"/>
    </motif>
    <motif db="0" id="MA1832.1" alt="Zm00001d002364" length="11" nsites="19090"
        url="http://jaspar.genereg.net/matrix/MA1832.1">
      <pos A="0.119853" C="0.516657" G="0.211839" T="0.15165"/>
      <pos A="0.0915146" C="0.618542" G="0.174647" T="0.115296"/>
      <pos A="0.0804617" C="0.156156" G="0.71608" T="0.0473028"/>
      <pos A="1.07386e-06" C="0.999996" G="1.5453e-06" T="1.07386e-06"/>
      <pos A="1.07386e-06" C="0.999996" G="1.5453e-06" T="1.07386e-06"/>
      <pos A="1.07386e-06" C="1.5453e-06" G="0.999996" T="1.07386e-06"/>
      <pos A="1.07386e-06" C="0.999996" G="1.5453e-06" T="1.07386e-06"/>
      <pos A="1.07386e-06" C="0.999996" G="1.5453e-06" T="1.07386e-06"/>
      <pos A="1.07386e-06" C="1.5453e-06" G="0.999996" T="1.07386e-06"/>
      <pos A="0.0935046" C="0.576688" G="0.185753" T="0.144054"/>
      <pos A="0.101677" C="0.594655" G="0.19712" T="0.106549"/>
    </motif>
    <motif db="0" id="MA1832.2" alt="Zm00001d002364" length="10" nsites="19090"
        url="http://jaspar.genereg.net/matrix/MA1832.2">
      <pos A="0.0915146" C="0.618542" G="0.174647" T="0.115296"/>
      <pos A="0.0804617" C="0.156156" G="0.71608" T="0.0473028"/>
      <pos A="1.07386e-06" C="0.999996" G="1.5453e-06" T="1.07386e-06"/>
      <pos A="1.07386e-06" C="0.999996" G="1.5453e-06" T="1.07386e-06"/>
      <pos A="1.07386e-06" C="1.5453e-06" G="0.999996" T="1.07386e-06"/>
      <pos A="1.07386e-06" C="0.999996" G="1.5453e-06" T="1.07386e-06"/>
      <pos A="1.07386e-06" C="0.999996" G="1.5453e-06" T="1.07386e-06"/>
      <pos A="1.07386e-06" C="1.5453e-06" G="0.999996" T="1.07386e-06"/>
      <pos A="0.0935046" C="0.576688" G="0.185753" T="0.144054"/>
      <pos A="0.101677" C="0.594655" G="0.19712" T="0.106549"/>
    </motif>
    <motif db="0" id="MA1833.1" alt="Zm00001d049364" length="16" nsites="18606"
        url="http://jaspar.genereg.net/matrix/MA1833.1">
      <pos A="0.126303" C="0.498763" G="0.233688" T="0.141245"/>
      <pos A="0.133613" C="0.249274" G="0.486294" T="0.130818"/>
      <pos A="0.0722897" C="0.725947" G="0.118027" T="0.0837367"/>
      <pos A="0.197409" C="0.525152" G="0.159896" T="0.117543"/>
      <pos A="0.0382139" C="0.0551983" G="0.869985" T="0.0366019"/>
      <pos A="0.01892" C="0.925989" G="0.0323024" T="0.022789"/>
      <pos A="0.024939" C="0.915024" G="0.0326254" T="0.027412"/>
      <pos A="0.0350429" C="0.0196725" G="0.917067" T="0.028218"/>
      <pos A="0.016125" C="0.9283" G="0.0318724" T="0.023703"/>
      <pos A="0.024993" C="0.914379" G="0.0328944" T="0.027734"/>
      <pos A="0.0325169" C="0.0172535" G="0.920184" T="0.0300449"/>
      <pos A="0.022359" C="0.90664" G="0.0417624" T="0.0292389"/>
      <pos A="0.024778" C="0.887506" G="0.0541773" T="0.0335389"/>
      <pos A="0.257981" C="0.148609" G="0.477211" T="0.116199"/>
      <pos A="0.120767" C="0.493334" G="0.220896" T="0.165001"/>
      <pos A="0.112867" C="0.510426" G="0.244545" T="0.132162"/>
    </motif>
    <motif db="0" id="MA1833.2" alt="Zm00001d049364" length="11" nsites="18606"
        url="http://jaspar.genereg.net/matrix/MA1833.2">
      <pos A="0.0722897" C="0.725947" G="0.118027" T="0.0837367"/>
      <pos A="0.197409" C="0.525152" G="0.159896" T="0.117543"/>
      <pos A="0.0382139" C="0.0551983" G="0.869985" T="0.0366019"/>
      <pos A="0.01892" C="0.925989" G="0.0323024" T="0.022789"/>
      <pos A="0.024939" C="0.915024" G="0.0326254" T="0.027412"/>
      <pos A="0.0350429" C="0.0196725" G="0.917067" T="0.028218"/>
      <pos A="0.016125" C="0.9283" G="0.0318724" T="0.023703"/>
      <pos A="0.024993" C="0.914379" G="0.0328944" T="0.027734"/>
      <pos A="0.0325169" C="0.0172535" G="0.920184" T="0.0300449"/>
      <pos A="0.022359" C="0.90664" G="0.0417624" T="0.0292389"/>
      <pos A="0.024778" C="0.887506" G="0.0541773" T="0.0335389"/>
    </motif>
    <motif db="0" id="MA1834.1" alt="Zm00001d034298" length="11" nsites="6602"
        url="http://jaspar.genereg.net/matrix/MA1834.1">
      <pos A="0.201606" C="0.310512" G="0.325053" T="0.16283"/>
      <pos A="0.222811" C="0.308997" G="0.241897" T="0.226295"/>
      <pos A="0.0287817" C="0.922589" G="0.0242391" T="0.0243897"/>
      <pos A="0.00621301" C="0.88033" G="0.0737694" T="0.0396875"/>
      <pos A="0.965302" C="0.0193922" G="0.00257943" T="0.0127259"/>
      <pos A="0.00833398" C="0.942583" G="0.0381739" T="0.0109089"/>
      <pos A="0.075585" C="0.0740713" G="0.796114" T="0.0542283"/>
      <pos A="0.0633161" C="0.763247" G="0.0607425" T="0.112694"/>
      <pos A="0.0290847" C="0.0790703" G="0.860488" T="0.0313566"/>
      <pos A="0.20615" C="0.285671" G="0.286731" T="0.221448"/>
      <pos A="0.185701" C="0.351862" G="0.269161" T="0.193275"/>
    </motif>
    <motif db="0" id="MA2013.2" alt="ERF115" length="11" nsites="905"
        url="http://jaspar.genereg.net/matrix/MA2013.2">
      <pos A="0.0585802" C="0.380101" G="0.0585901" T="0.502729"/>
      <pos A="0.0475314" C="0.900485" G="0.0166058" T="0.0353777"/>
      <pos A="0.0618938" C="0.00887162" G="0.79" T="0.139234"/>
      <pos A="0.0143861" C="0.927002" G="0.0387023" T="0.0199105"/>
      <pos A="0.0254338" C="0.956833" G="0.00666186" T="0.0110714"/>
      <pos A="0.0154909" C="0.00113747" G="0.972301" T="0.0110714"/>
      <pos A="0.00444216" C="0.955728" G="0.0132911" T="0.0265387"/>
      <pos A="0.0143861" C="0.972301" G="3.25931e-05" T="0.0132812"/>
      <pos A="0.0486363" C="0.00334723" G="0.928107" T="0.0199105"/>
      <pos A="0.0342729" C="0.771218" G="0.0607989" T="0.13371"/>
      <pos A="0.530351" C="0.31602" G="0.0464365" T="0.107193"/>
    </motif>
    <motif db="0" id="MA2022.1" alt="LOB" length="17" nsites="795"
        url="http://jaspar.genereg.net/matrix/MA2022.1">
      <pos A="0.0817765" C="0.695547" G="0.0931074" T="0.129569"/>
      <pos A="0.145919" C="0.71567" G="0.0302223" T="0.108188"/>
      <pos A="0.115734" C="0.0226763" G="0.69429" T="0.167301"/>
      <pos A="0.00882968" C="0.955892" G="0.0126145" T="0.0226649"/>
      <pos A="0.0352414" C="0.92948" G="0.00506747" T="0.030211"/>
      <pos A="0.0490766" C="0.00506747" G="0.916903" T="0.0289531"/>
      <pos A="0.00505615" C="0.965954" G="0.00884099" T="0.0201493"/>
      <pos A="0.0490766" C="0.906841" G="0.0100988" T="0.0339835"/>
      <pos A="0.0465609" C="0.00129494" G="0.921934" T="0.030211"/>
      <pos A="0.0176336" C="0.871625" G="0.0478301" T="0.0629109"/>
      <pos A="0.314451" C="0.500603" G="0.0553761" T="0.129569"/>
      <pos A="0.162269" C="0.0415409" G="0.669135" T="0.127054"/>
      <pos A="0.0918382" C="0.676682" G="0.0893339" T="0.142146"/>
      <pos A="0.184909" C="0.416337" G="0.0704682" T="0.328286"/>
      <pos A="0.213835" C="0.0931074" G="0.46916" T="0.223897"/>
      <pos A="0.120766" C="0.582354" G="0.120777" T="0.176105"/>
      <pos A="0.200001" C="0.48048" G="0.109457" T="0.210062"/>
    </motif>
    <motif db="0" id="MA2022.2" alt="LOB" length="13" nsites="795"
        url="http://jaspar.genereg.net/matrix/MA2022.2">
      <pos A="0.0817765" C="0.695547" G="0.0931074" T="0.129569"/>
      <pos A="0.145919" C="0.71567" G="0.0302223" T="0.108188"/>
      <pos A="0.115734" C="0.0226763" G="0.69429" T="0.167301"/>
      <pos A="0.00882968" C="0.955892" G="0.0126145" T="0.0226649"/>
      <pos A="0.0352414" C="0.92948" G="0.00506747" T="0.030211"/>
      <pos A="0.0490766" C="0.00506747" G="0.916903" T="0.0289531"/>
      <pos A="0.00505615" C="0.965954" G="0.00884099" T="0.0201493"/>
      <pos A="0.0490766" C="0.906841" G="0.0100988" T="0.0339835"/>
      <pos A="0.0465609" C="0.00129494" G="0.921934" T="0.030211"/>
      <pos A="0.0176336" C="0.871625" G="0.0478301" T="0.0629109"/>
      <pos A="0.314451" C="0.500603" G="0.0553761" T="0.129569"/>
      <pos A="0.162269" C="0.0415409" G="0.669135" T="0.127054"/>
      <pos A="0.0918382" C="0.676682" G="0.0893339" T="0.142146"/>
    </motif>
    <motif db="0" id="MA2024.1" alt="MYB63" length="13" nsites="119"
        url="http://jaspar.genereg.net/matrix/MA2024.1">
      <pos A="0.151306" C="0.26893" G="0.159778" T="0.419987"/>
      <pos A="0.126116" C="0.445252" G="0.0674182" T="0.361214"/>
      <pos A="0.00856807" C="0.907049" G="0.0170406" T="0.0673427"/>
      <pos A="0.965748" C="0.00864364" G="0.00864364" T="0.016965"/>
      <pos A="0.0505498" C="0.932238" G="0.00864364" T="0.00856807"/>
      <pos A="0.00856807" C="0.974219" G="0.000247691" T="0.016965"/>
      <pos A="0.268854" C="0.0338325" G="0.0170406" T="0.680273"/>
      <pos A="0.98254" C="0.000247691" G="0.00864364" T="0.00856807"/>
      <pos A="0.0925315" C="0.898653" G="0.000247691" T="0.00856807"/>
      <pos A="0.00856807" C="0.907049" G="0.0254365" T="0.0589467"/>
      <pos A="0.579517" C="0.126192" G="0.117796" T="0.176495"/>
      <pos A="0.235269" C="0.546007" G="0.0338325" T="0.184891"/>
      <pos A="0.27725" C="0.378081" G="0.0758142" T="0.268854"/>
    </motif>
    <motif db="0" id="MA2030.1" alt="MYB96" length="17" nsites="133"
        url="http://jaspar.genereg.net/matrix/MA2030.1">
      <pos A="0.473482" C="0.150485" G="0.0753531" T="0.30068"/>
      <pos A="0.345759" C="0.270695" G="0.0603264" T="0.323219"/>
      <pos A="0.0827989" C="0.586247" G="0.0828665" T="0.248088"/>
      <pos A="0.150417" C="0.375879" G="0.0753531" T="0.398351"/>
      <pos A="0.285653" C="0.556195" G="0.0753531" T="0.0827989"/>
      <pos A="0.0602588" C="0.804128" G="0.00773499" T="0.127878"/>
      <pos A="0.00766737" C="0.924339" G="0.000221638" T="0.0677722"/>
      <pos A="0.984376" C="0.00773499" G="0.000221638" T="0.00766737"/>
      <pos A="0.84914" C="0.112919" G="0.0227607" T="0.0151807"/>
      <pos A="0.00015402" C="0.991957" G="0.000221638" T="0.00766737"/>
      <pos A="0.0827989" C="0.173024" G="0.00773499" T="0.736442"/>
      <pos A="0.871679" C="0.0152483" G="0.0453007" T="0.0677722"/>
      <pos A="0.105338" C="0.871746" G="0.000221638" T="0.0226931"/>
      <pos A="0.0602588" C="0.766562" G="0.000221638" T="0.172956"/>
      <pos A="0.676338" C="0.0753531" G="0.0377874" T="0.210522"/>
      <pos A="0.375812" C="0.323287" G="0.0903798" T="0.210522"/>
      <pos A="0.15793" C="0.586247" G="0.0603264" T="0.195496"/>
    </motif>
    <motif db="0" id="MA2041.1" alt="MYB13" length="16" nsites="1148"
        url="http://jaspar.genereg.net/matrix/MA2041.1">
      <pos A="0.303127" C="0.261327" G="0.146354" T="0.289192"/>
      <pos A="0.282223" C="0.230842" G="0.18642" T="0.300515"/>
      <pos A="0.303998" C="0.278747" G="0.136774" T="0.280481"/>
      <pos A="0.187284" C="0.41114" G="0.128064" T="0.273513"/>
      <pos A="0.121958" C="0.50608" G="0.0609964" T="0.310967"/>
      <pos A="0.0522783" C="0.796123" G="0.031382" T="0.120216"/>
      <pos A="0.96422" C="0.00438032" G="0.00960686" T="0.021793"/>
      <pos A="0.0932157" C="0.890192" G="0.00699409" T="0.00959902"/>
      <pos A="0.0087281" C="0.972938" G="0.00525124" T="0.0130827"/>
      <pos A="0.788277" C="0.0400922" G="0.0148324" T="0.156798"/>
      <pos A="0.963349" C="0.00960686" G="0.019188" T="0.00785717"/>
      <pos A="0.078408" C="0.900644" G="0.00438032" T="0.0165674"/>
      <pos A="0.0305032" C="0.884966" G="0.0139615" T="0.0705687"/>
      <pos A="0.634109" C="0.166387" G="0.0827715" T="0.116733"/>
      <pos A="0.339709" C="0.313587" G="0.0923517" T="0.254351"/>
      <pos A="0.326644" C="0.27265" G="0.133289" T="0.267417"/>
    </motif>
    <motif db="0" id="MA2042.2" alt="MYB58" length="9" nsites="1551"
        url="http://jaspar.genereg.net/matrix/MA2042.2">
      <pos A="0.105099" C="0.555109" G="0.0631999" T="0.276591"/>
      <pos A="0.0225778" C="0.881974" G="0.00904444" T="0.0864036"/>
      <pos A="0.967069" C="0.00517669" G="0.0135581" T="0.0141963"/>
      <pos A="0.105099" C="0.87746" G="0.00775552" T="0.00968359"/>
      <pos A="0.00581584" C="0.979969" G="0.00453173" T="0.00968359"/>
      <pos A="0.885836" C="0.0135581" G="0.0148471" T="0.0857587"/>
      <pos A="0.928386" C="0.0380566" G="0.0193598" T="0.0141963"/>
      <pos A="0.134757" C="0.832331" G="0.00711056" T="0.0258016"/>
      <pos A="0.0586814" C="0.763993" G="0.0225836" T="0.154742"/>
    </motif>
    <motif db="0" id="MA2416.1" alt="EREB29" length="10" nsites="23173"
        url="http://jaspar.genereg.net/matrix/MA2416.1">
      <pos A="0.1289" C="0.199629" G="0.546238" T="0.125232"/>
      <pos A="0.0202828" C="0.906656" G="0.0445791" T="0.0284818"/>
      <pos A="0.0112638" C="0.942775" G="0.0218802" T="0.0240808"/>
      <pos A="0.0122998" C="0.00785524" G="0.967243" T="0.0126018"/>
      <pos A="0.00690585" C="0.955549" G="0.0176942" T="0.0198518"/>
      <pos A="0.00850185" C="0.966337" G="0.00949523" T="0.0156658"/>
      <pos A="0.0169598" C="0.00530925" G="0.95516" T="0.0225698"/>
      <pos A="0.0196358" C="0.896773" G="0.0435861" T="0.0400037"/>
      <pos A="0.0198948" C="0.914553" G="0.0381921" T="0.0273598"/>
      <pos A="0.0973125" C="0.57541" G="0.253096" T="0.0741816"/>
    </motif>
  </targets>
  <matches>
    <query idx="0">
      <target idx="2" rc="n" off="-6" pv="2.43e-04" ev="3.42e-01" qv="4.33e-01"/>
      <target idx="1" rc="n" off="-5" pv="4.63e-04" ev="6.51e-01" qv="4.33e-01"/>
      <target idx="20" rc="y" off="-6" pv="1.06e-03" ev="1.49e+00" qv="4.33e-01"/>
      <target idx="30" rc="y" off="0" pv="1.30e-03" ev="1.83e+00" qv="4.33e-01"/>
      <target idx="33" rc="y" off="0" pv="1.30e-03" ev="1.83e+00" qv="4.33e-01"/>
      <target idx="29" rc="n" off="0" pv="1.63e-03" ev="2.29e+00" qv="4.33e-01"/>
      <target idx="0" rc="n" off="-5" pv="1.86e-03" ev="2.62e+00" qv="4.33e-01"/>
      <target idx="37" rc="y" off="-1" pv="1.86e-03" ev="2.62e+00" qv="4.33e-01"/>
      <target idx="23" rc="y" off="-4" pv="2.58e-03" ev="3.63e+00" qv="4.33e-01"/>
      <target idx="36" rc="y" off="0" pv="2.85e-03" ev="4.00e+00" qv="4.33e-01"/>
      <target idx="35" rc="y" off="-3" pv="2.90e-03" ev="4.08e+00" qv="4.33e-01"/>
      <target idx="32" rc="y" off="-3" pv="3.02e-03" ev="4.25e+00" qv="4.33e-01"/>
      <target idx="15" rc="y" off="2" pv="3.03e-03" ev="4.26e+00" qv="4.33e-01"/>
      <target idx="42" rc="y" off="-2" pv="3.10e-03" ev="4.36e+00" qv="4.33e-01"/>
      <target idx="34" rc="y" off="-1" pv="3.11e-03" ev="4.38e+00" qv="4.33e-01"/>
      <target idx="26" rc="y" off="0" pv="3.13e-03" ev="4.41e+00" qv="4.33e-01"/>
      <target idx="18" rc="n" off="-1" pv="3.21e-03" ev="4.52e+00" qv="4.33e-01"/>
      <target idx="19" rc="y" off="-3" pv="3.51e-03" ev="4.94e+00" qv="4.33e-01"/>
      <target idx="7" rc="y" off="-3" pv="3.94e-03" ev="5.55e+00" qv="4.33e-01"/>
      <target idx="4" rc="y" off="-3" pv="4.17e-03" ev="5.87e+00" qv="4.33e-01"/>
      <target idx="10" rc="y" off="-1" pv="4.27e-03" ev="6.01e+00" qv="4.33e-01"/>
      <target idx="17" rc="y" off="1" pv="4.36e-03" ev="6.14e+00" qv="4.33e-01"/>
      <target idx="5" rc="n" off="-4" pv="4.47e-03" ev="6.28e+00" qv="4.33e-01"/>
      <target idx="41" rc="y" off="-9" pv="4.75e-03" ev="6.68e+00" qv="4.33e-01"/>
      <target idx="13" rc="y" off="-4" pv="4.80e-03" ev="6.75e+00" qv="4.33e-01"/>
      <target idx="16" rc="y" off="-4" pv="4.80e-03" ev="6.75e+00" qv="4.33e-01"/>
      <target idx="21" rc="y" off="-6" pv="4.94e-03" ev="6.95e+00" qv="4.33e-01"/>
      <target idx="22" rc="y" off="-7" pv="5.37e-03" ev="7.55e+00" qv="4.33e-01"/>
      <target idx="6" rc="y" off="1" pv="5.61e-03" ev="7.90e+00" qv="4.33e-01"/>
      <target idx="39" rc="y" off="-6" pv="5.68e-03" ev="8.00e+00" qv="4.33e-01"/>
      <target idx="9" rc="n" off="2" pv="5.72e-03" ev="8.04e+00" qv="4.33e-01"/>
      <target idx="8" rc="y" off="-3" pv="5.85e-03" ev="8.23e+00" qv="4.33e-01"/>
      <target idx="31" rc="y" off="0" pv="5.94e-03" ev="8.35e+00" qv="4.33e-01"/>
      <target idx="12" rc="y" off="0" pv="6.10e-03" ev="8.59e+00" qv="4.33e-01"/>
      <target idx="3" rc="y" off="1" pv="6.36e-03" ev="8.96e+00" qv="4.33e-01"/>
      <target idx="14" rc="y" off="0" pv="6.40e-03" ev="9.01e+00" qv="4.33e-01"/>
      <target idx="11" rc="y" off="-4" pv="6.49e-03" ev="9.13e+00" qv="4.33e-01"/>
      <target idx="38" rc="y" off="-6" pv="6.54e-03" ev="9.21e+00" qv="4.33e-01"/>
      <target idx="27" rc="y" off="1" pv="6.54e-03" ev="9.21e+00" qv="4.33e-01"/>
      <target idx="24" rc="y" off="0" pv="6.83e-03" ev="9.61e+00" qv="4.33e-01"/>
      <target idx="25" rc="y" off="0" pv="6.83e-03" ev="9.61e+00" qv="4.33e-01"/>
      <target idx="40" rc="y" off="-6" pv="6.84e-03" ev="9.63e+00" qv="4.33e-01"/>
      <target idx="28" rc="y" off="-4" pv="6.93e-03" ev="9.75e+00" qv="4.33e-01"/>
    </query>
  </matches>
  <runtime cycles="4901883" seconds="4.902"/>
</tomtom>
