<?xml version='1.0' encoding='UTF-8' standalone='yes'?>
<tomtom version="5.5.4" release="Fri Jun 16 12:19:08 2023 -0700">
  <model>
    <command_line>tomtom -no-ssc -oc tomtom_i_2 -verbosity 1 -min-overlap 5 -mi 1 -dist pearson -evalue -thresh 10.0 Resultadosmeme/intersecção/RCGKCAKAACGTGSACATRT.meme JASPAR2024_CORE_plants_redundant_pfms_meme.txt</command_line>
    <distance_measure value="pearson"/>
    <threshold type="evalue">10</threshold>
    <alphabet name="DNA" like="dna">
      <letter id="A" symbol="A" complement="T" name="Adenine" colour="CC0000"/>
      <letter id="C" symbol="C" complement="G" name="Cytosine" colour="0000CC"/>
      <letter id="G" symbol="G" complement="C" name="Guanine" colour="FFB300"/>
      <letter id="T" symbol="T" aliases="U" complement="A" name="Thymine" colour="008000"/>
      <letter id="N" symbol="N" aliases="X." equals="ACGT" name="Any base"/>
      <letter id="V" symbol="V" equals="ACG" name="Not T"/>
      <letter id="H" symbol="H" equals="ACT" name="Not G"/>
      <letter id="D" symbol="D" equals="AGT" name="Not C"/>
      <letter id="B" symbol="B" equals="CGT" name="Not A"/>
      <letter id="M" symbol="M" equals="AC" name="Amino"/>
      <letter id="R" symbol="R" equals="AG" name="Purine"/>
      <letter id="W" symbol="W" equals="AT" name="Weak"/>
      <letter id="S" symbol="S" equals="CG" name="Strong"/>
      <letter id="Y" symbol="Y" equals="CT" name="Pyrimidine"/>
      <letter id="K" symbol="K" equals="GT" name="Keto"/>
    </alphabet>
    <strands>both</strands>
    <background from="--query--" A="0.205" C="0.295" G="0.295" T="0.205"/>
    <host>labbces04</host>
    <when>Fri Nov 24 15:11:44 2023</when>
  </model>
  <query_dbs>
    <db source="Resultadosmeme/intersecção/RCGKCAKAACGTGSACATRT.meme" name="RCGKCAKAACGTGSACATRT" loaded="1" excluded="0" last_mod_date="Tue Nov 21 08:15:03 2023"/>
  </query_dbs>
  <target_dbs>
    <db source="JASPAR2024_CORE_plants_redundant_pfms_meme.txt" name="JASPAR2024_CORE_plants_redundant_pfms_meme.txt" loaded="1407" excluded="0" last_mod_date="Fri Nov 17 18:22:13 2023"/>
  </target_dbs>
  <queries>
    <motif db="0" id="RCGKCAKAACGTGSACATRT" alt="MEME-2" length="20" nsites="8" evalue="1.2e-003">
      <pos A="0.619815" C="0.00364197" G="0.374012" T="0.00253087"/>
      <pos A="0.00253087" C="0.991296" G="0.00364197" T="0.00253087"/>
      <pos A="0.00253087" C="0.00364197" G="0.86784" T="0.125988"/>
      <pos A="0.00253087" C="0.00364197" G="0.374012" T="0.619815"/>
      <pos A="0.00253087" C="0.991296" G="0.00364197" T="0.00253087"/>
      <pos A="0.743272" C="0.250556" G="0.00364197" T="0.00253087"/>
      <pos A="0.125988" C="0.127099" G="0.250556" T="0.496358"/>
      <pos A="0.743272" C="0.00364197" G="0.250556" T="0.00253087"/>
      <pos A="0.619815" C="0.250556" G="0.127099" T="0.00253087"/>
      <pos A="0.125988" C="0.744383" G="0.00364197" T="0.125988"/>
      <pos A="0.00253087" C="0.00364197" G="0.991296" T="0.00253087"/>
      <pos A="0.00253087" C="0.00364197" G="0.00364197" T="0.990185"/>
      <pos A="0.125988" C="0.00364197" G="0.86784" T="0.00253087"/>
      <pos A="0.00253087" C="0.620926" G="0.374012" T="0.00253087"/>
      <pos A="0.866728" C="0.00364197" G="0.127099" T="0.00253087"/>
      <pos A="0.00253087" C="0.991296" G="0.00364197" T="0.00253087"/>
      <pos A="0.743272" C="0.00364197" G="0.00364197" T="0.249444"/>
      <pos A="0.00253087" C="0.00364197" G="0.00364197" T="0.990185"/>
      <pos A="0.372901" C="0.00364197" G="0.620926" T="0.00253087"/>
      <pos A="0.00253087" C="0.250556" G="0.00364197" T="0.743272"/>
    </motif>
  </queries>
  <targets>
    <motif db="0" id="MA0096.1" alt="bZIP910" length="7" nsites="35"
        url="http://jaspar.genereg.net/matrix/MA0096.1">
      <pos A="0.427934" C="0.42819" G="0.14329" T="0.000584046"/>
      <pos A="0.000584046" C="0.000840455" G="0.000840455" T="0.997735"/>
      <pos A="0.000584046" C="0.000840455" G="0.997991" T="0.000584046"/>
      <pos A="0.997735" C="0.000840455" G="0.000840455" T="0.000584046"/>
      <pos A="0.000584046" C="0.997991" G="0.000840455" T="0.000584046"/>
      <pos A="0.000584046" C="0.000840455" G="0.997991" T="0.000584046"/>
      <pos A="0.000584046" C="0.000840455" G="0.000840455" T="0.997735"/>
    </motif>
    <motif db="0" id="MA0097.1" alt="bZIP911" length="12" nsites="33"
        url="http://jaspar.genereg.net/matrix/MA0097.1">
      <pos A="0.0308308" C="0.000891238" G="0.937447" T="0.0308308"/>
      <pos A="0.514215" C="0.000891238" G="0.484274" T="0.000619336"/>
      <pos A="0.000619336" C="0.000891238" G="0.000891238" T="0.997598"/>
      <pos A="0.000619336" C="0.000891238" G="0.99787" T="0.000619336"/>
      <pos A="0.997598" C="0.000891238" G="0.000891238" T="0.000619336"/>
      <pos A="0.000619336" C="0.99787" G="0.000891238" T="0.000619336"/>
      <pos A="0.000619336" C="0.000891238" G="0.99787" T="0.000619336"/>
      <pos A="0.000619336" C="0.000891238" G="0.000891238" T="0.997598"/>
      <pos A="0.000619336" C="0.0311027" G="0.967659" T="0.000619336"/>
      <pos A="0.0308308" C="0.000891238" G="0.665544" T="0.302734"/>
      <pos A="0.332945" C="0.605121" G="0.0311027" T="0.0308308"/>
      <pos A="0.0308308" C="0.967659" G="0.000891238" T="0.000619336"/>
    </motif>
    <motif db="0" id="MA0565.3" alt="FUS3" length="7" nsites="1146"
        url="http://jaspar.genereg.net/matrix/MA0565.3">
      <pos A="0.999931" C="2.57394e-05" G="2.57394e-05" T="1.78868e-05"/>
      <pos A="1.78868e-05" C="0.999938" G="2.57394e-05" T="1.78868e-05"/>
      <pos A="0.995568" C="0.00177059" G="0.00177059" T="0.000890811"/>
      <pos A="0.00263566" C="0.00438836" G="0.000898663" T="0.992078"/>
      <pos A="1.78868e-05" C="0.000898663" G="0.999066" T="1.78868e-05"/>
      <pos A="1.78868e-05" C="0.999938" G="2.57394e-05" T="1.78868e-05"/>
      <pos A="0.920531" C="0.0157314" G="0.0244566" T="0.0392815"/>
    </motif>
    <motif db="0" id="MA0581.1" alt="LEC2" length="11" nsites="487"
        url="http://jaspar.genereg.net/matrix/MA0581.1">
      <pos A="0.21971" C="0.176615" G="0.244363" T="0.359311"/>
      <pos A="0.197127" C="0.334694" G="0.3388" T="0.129379"/>
      <pos A="0.00414824" C="0.975219" G="6.05625e-05" T="0.0205719"/>
      <pos A="0.999837" C="6.05625e-05" G="6.05625e-05" T="4.20859e-05"/>
      <pos A="4.20859e-05" C="6.05625e-05" G="6.05625e-05" T="0.999837"/>
      <pos A="4.20859e-05" C="6.05625e-05" G="0.999855" T="4.20859e-05"/>
      <pos A="4.20859e-05" C="0.999855" G="6.05625e-05" T="4.20859e-05"/>
      <pos A="0.617985" C="0.0616499" G="0.320324" T="4.20859e-05"/>
      <pos A="0.236134" C="0.447608" G="0.123238" T="0.19302"/>
      <pos A="0.468118" C="0.176615" G="0.090391" T="0.264875"/>
      <pos A="0.197127" C="0.162245" G="0.127344" T="0.513284"/>
    </motif>
    <motif db="0" id="MA1025.1" alt="HBI1" length="12" nsites="1000"
        url="http://jaspar.genereg.net/matrix/MA1025.1">
      <pos A="0.228998" C="0.312998" G="0.229007" T="0.228998"/>
      <pos A="0.228998" C="0.229007" G="0.312998" T="0.228998"/>
      <pos A="0.132007" C="0.240005" G="0.314998" T="0.312989"/>
      <pos A="0.0240181" C="0.106019" G="0.761953" T="0.10801"/>
      <pos A="2.0498e-05" C="0.99993" G="2.9497e-05" T="2.0498e-05"/>
      <pos A="0.999921" C="2.9497e-05" G="2.9497e-05" T="2.0498e-05"/>
      <pos A="2.0498e-05" C="0.904844" G="2.9497e-05" T="0.095106"/>
      <pos A="2.0498e-05" C="2.9497e-05" G="0.99993" T="2.0498e-05"/>
      <pos A="0.0210394" C="0.0210484" G="0.0210484" T="0.936864"/>
      <pos A="0.0210394" C="0.0210484" G="0.936873" T="0.0210394"/>
      <pos A="0.202" C="0.484981" G="0.19501" T="0.118009"/>
      <pos A="0.225998" C="0.226007" G="0.226007" T="0.321988"/>
    </motif>
    <motif db="0" id="MA1411.1" alt="TSAR1" length="10" nsites="99999"
        url="http://jaspar.genereg.net/matrix/MA1411.1">
      <pos A="0.312613" C="0.265023" G="0.198312" T="0.224052"/>
      <pos A="0.0330002" C="0.0525002" G="0.912219" T="0.0022802"/>
      <pos A="0.125451" C="0.873198" G="0.000510294" T="0.000840204"/>
      <pos A="0.934048" C="0.000160295" G="0.0552712" T="0.0105202"/>
      <pos A="0.0028402" C="0.980159" G="0.00142029" T="0.0155802"/>
      <pos A="0.0155802" C="0.00142029" G="0.980159" T="0.0028402"/>
      <pos A="0.0105202" C="0.0552712" G="0.000160295" T="0.934048"/>
      <pos A="0.000840204" C="0.000510294" G="0.873198" T="0.125451"/>
      <pos A="0.0022802" C="0.912219" G="0.0525002" T="0.0330002"/>
      <pos A="0.32821" C="0.14091" G="0.33427" T="0.19661"/>
    </motif>
    <motif db="0" id="MA2071.1" alt="PK15505.1" length="8" nsites="997"
        url="http://jaspar.genereg.net/matrix/MA2071.1">
      <pos A="0.190573" C="0.120379" G="0.629856" T="0.0591926"/>
      <pos A="2.05596e-05" C="0.999929" G="2.95858e-05" T="2.05596e-05"/>
      <pos A="0.99992" C="2.95858e-05" G="2.95858e-05" T="2.05596e-05"/>
      <pos A="2.05596e-05" C="0.999929" G="2.95858e-05" T="2.05596e-05"/>
      <pos A="2.05596e-05" C="2.95858e-05" G="0.999929" T="2.05596e-05"/>
      <pos A="2.05596e-05" C="2.95858e-05" G="2.95858e-05" T="0.99992"/>
      <pos A="2.05596e-05" C="2.95858e-05" G="0.999929" T="2.05596e-05"/>
      <pos A="0.0761649" C="0.255515" G="0.137291" T="0.531029"/>
    </motif>
  </targets>
  <matches>
    <query idx="0">
      <target idx="4" rc="n" off="-9" pv="3.27e-03" ev="4.61e+00" qv="6.59e-01"/>
      <target idx="3" rc="n" off="-7" pv="3.40e-03" ev="4.79e+00" qv="6.59e-01"/>
      <target idx="0" rc="y" off="0" pv="3.52e-03" ev="4.96e+00" qv="6.59e-01"/>
      <target idx="5" rc="n" off="-5" pv="4.76e-03" ev="6.70e+00" qv="6.59e-01"/>
      <target idx="6" rc="n" off="-12" pv="4.85e-03" ev="6.83e+00" qv="6.59e-01"/>
      <target idx="1" rc="n" off="-4" pv="5.14e-03" ev="7.23e+00" qv="6.59e-01"/>
      <target idx="2" rc="n" off="-8" pv="5.67e-03" ev="7.97e+00" qv="6.59e-01"/>
    </query>
  </matches>
  <runtime cycles="4889123" seconds="4.889"/>
</tomtom>
