GO.ID,Term,Annotated,Significant,Expected,Classic,p.adj
GO:0006511,ubiquitin-dependent protein catabolic pr...,3,1,0.03,0.026,0.044
GO:0019941,modification-dependent protein catabolic...,3,1,0.03,0.026,0.044
GO:0043632,modification-dependent macromolecule cat...,3,1,0.03,0.026,0.044
GO:0051603,proteolysis involved in protein cataboli...,3,1,0.03,0.026,0.044
GO:0006508,proteolysis,5,1,0.04,0.044,0.044
GO:0030163,protein catabolic process,5,1,0.04,0.044,0.044
GO:1901565,organonitrogen compound catabolic proces...,5,1,0.04,0.044,0.044
