GO.ID,Term,Annotated,Significant,Expected,Classic,p.adj
GO:0044260,cellular macromolecule metabolic process,19,6,1.17,0.0003,0.0024
GO:0043170,macromolecule metabolic process,51,8,3.15,0.0039,0.0156
GO:0034645,cellular macromolecule biosynthetic proc...,3,2,0.19,0.0103,0.0275
GO:0071704,organic substance metabolic process,93,10,5.74,0.0179,0.0357
GO:0044237,cellular metabolic process,66,8,4.07,0.0223,0.0357
GO:0044265,cellular macromolecule catabolic process,12,3,0.74,0.0297,0.0396
GO:0009057,macromolecule catabolic process,14,3,0.86,0.0455,0.0455
GO:1901575,organic substance catabolic process,14,3,0.86,0.0455,0.0455
