GO.ID,Term,Annotated,Significant,Expected,Classic,p.adj
GO:0044260,cellular macromolecule metabolic process,19,4,0.67,0.0020,0.0336
GO:0034645,cellular macromolecule biosynthetic proc...,3,2,0.11,0.0032,0.0336
GO:0043170,macromolecule metabolic process,51,5,1.8,0.0155,0.037
GO:0019538,protein metabolic process,18,3,0.63,0.0184,0.037
GO:0000271,polysaccharide biosynthetic process,1,1,0.04,0.0352,0.037
GO:0005976,polysaccharide metabolic process,1,1,0.04,0.0352,0.037
GO:0005977,glycogen metabolic process,1,1,0.04,0.0352,0.037
GO:0005978,glycogen biosynthetic process,1,1,0.04,0.0352,0.037
GO:0006073,cellular glucan metabolic process,1,1,0.04,0.0352,0.037
GO:0006112,energy reserve metabolic process,1,1,0.04,0.0352,0.037
GO:0006890,retrograde vesicle-mediated transport, G...,1,1,0.04,0.0352,0.037
GO:0009250,glucan biosynthetic process,1,1,0.04,0.0352,0.037
GO:0015980,energy derivation by oxidation of organi...,1,1,0.04,0.0352,0.037
GO:0016051,carbohydrate biosynthetic process,1,1,0.04,0.0352,0.037
GO:0033692,cellular polysaccharide biosynthetic pro...,1,1,0.04,0.0352,0.037
GO:0034637,cellular carbohydrate biosynthetic proce...,1,1,0.04,0.0352,0.037
GO:0044042,glucan metabolic process,1,1,0.04,0.0352,0.037
GO:0044262,cellular carbohydrate metabolic process,1,1,0.04,0.0352,0.037
GO:0044264,cellular polysaccharide metabolic proces...,1,1,0.04,0.0352,0.037
GO:0048193,Golgi vesicle transport,1,1,0.04,0.0352,0.037
GO:1901564,organonitrogen compound metabolic proces...,25,3,0.88,0.0457,0.0457
