<?xml version='1.0' encoding='UTF-8' standalone='yes'?>
<tomtom version="5.5.4" release="Fri Jun 16 12:19:08 2023 -0700">
  <model>
    <command_line>tomtom -no-ssc -oc tomtom_i_3 -verbosity 1 -min-overlap 5 -mi 1 -dist pearson -evalue -thresh 10.0 Resultadosmeme/intersecção/TKTGTGTGTGBKTAT.meme JASPAR2024_CORE_plants_redundant_pfms_meme.txt</command_line>
    <distance_measure value="pearson"/>
    <threshold type="evalue">10</threshold>
    <alphabet name="DNA" like="dna">
      <letter id="A" symbol="A" complement="T" name="Adenine" colour="CC0000"/>
      <letter id="C" symbol="C" complement="G" name="Cytosine" colour="0000CC"/>
      <letter id="G" symbol="G" complement="C" name="Guanine" colour="FFB300"/>
      <letter id="T" symbol="T" aliases="U" complement="A" name="Thymine" colour="008000"/>
      <letter id="N" symbol="N" aliases="X." equals="ACGT" name="Any base"/>
      <letter id="V" symbol="V" equals="ACG" name="Not T"/>
      <letter id="H" symbol="H" equals="ACT" name="Not G"/>
      <letter id="D" symbol="D" equals="AGT" name="Not C"/>
      <letter id="B" symbol="B" equals="CGT" name="Not A"/>
      <letter id="M" symbol="M" equals="AC" name="Amino"/>
      <letter id="R" symbol="R" equals="AG" name="Purine"/>
      <letter id="W" symbol="W" equals="AT" name="Weak"/>
      <letter id="S" symbol="S" equals="CG" name="Strong"/>
      <letter id="Y" symbol="Y" equals="CT" name="Pyrimidine"/>
      <letter id="K" symbol="K" equals="GT" name="Keto"/>
    </alphabet>
    <strands>both</strands>
    <background from="--query--" A="0.205" C="0.295" G="0.295" T="0.205"/>
    <host>labbces04</host>
    <when>Fri Nov 24 15:12:03 2023</when>
  </model>
  <query_dbs>
    <db source="Resultadosmeme/intersecção/TKTGTGTGTGBKTAT.meme" name="TKTGTGTGTGBKTAT" loaded="1" excluded="0" last_mod_date="Tue Nov 21 08:15:13 2023"/>
  </query_dbs>
  <target_dbs>
    <db source="JASPAR2024_CORE_plants_redundant_pfms_meme.txt" name="JASPAR2024_CORE_plants_redundant_pfms_meme.txt" loaded="1407" excluded="0" last_mod_date="Fri Nov 17 18:22:13 2023"/>
  </target_dbs>
  <queries>
    <motif db="0" id="TKTGTGTGTGBKTAT" alt="MEME-4" length="15" nsites="16" evalue="2.6e-002">
      <pos A="0.00127329" C="0.0018323" G="0.0018323" T="0.995062"/>
      <pos A="0.125497" C="0.126056" G="0.498727" T="0.24972"/>
      <pos A="0.00127329" C="0.25028" G="0.0018323" T="0.746615"/>
      <pos A="0.0633851" C="0.0018323" G="0.933509" T="0.00127329"/>
      <pos A="0.125497" C="0.0018323" G="0.0018323" T="0.870839"/>
      <pos A="0.00127329" C="0.188168" G="0.560839" T="0.24972"/>
      <pos A="0.187609" C="0.0018323" G="0.0018323" T="0.808727"/>
      <pos A="0.187609" C="0.0018323" G="0.747174" T="0.0633851"/>
      <pos A="0.00127329" C="0.0639441" G="0.0018323" T="0.93295"/>
      <pos A="0.00127329" C="0.0018323" G="0.933509" T="0.0633851"/>
      <pos A="0.0633851" C="0.436615" G="0.25028" T="0.24972"/>
      <pos A="0.0633851" C="0.0018323" G="0.62295" T="0.311832"/>
      <pos A="0.00127329" C="0.188168" G="0.0018323" T="0.808727"/>
      <pos A="0.622391" C="0.0018323" G="0.188168" T="0.187609"/>
      <pos A="0.00127329" C="0.0018323" G="0.188168" T="0.808727"/>
    </motif>
  </queries>
  <targets>
    <motif db="0" id="MA2372.1" alt="AZF1" length="9" nsites="999"
        url="http://jaspar.genereg.net/matrix/MA2372.1">
      <pos A="0.4224" C="0.109128" G="2.95265e-05" T="0.468442"/>
      <pos A="2.05185e-05" C="0.98892" G="2.95265e-05" T="0.0110304"/>
      <pos A="0.99992" C="2.95265e-05" G="2.95265e-05" T="2.05185e-05"/>
      <pos A="2.05185e-05" C="0.880822" G="0.119137" T="2.05185e-05"/>
      <pos A="2.05185e-05" C="0.00103043" G="2.95265e-05" T="0.99892"/>
      <pos A="0.248244" C="0.377369" G="0.270272" T="0.104114"/>
      <pos A="0.438292" C="0.0832712" G="0.065219" T="0.413219"/>
      <pos A="0.120248" C="0.704368" G="0.0330922" T="0.142291"/>
      <pos A="0.497463" C="0.130407" G="0.0210904" T="0.351038"/>
    </motif>
  </targets>
  <matches>
    <query idx="0">
      <target idx="0" rc="y" off="0" pv="5.21e-03" ev="7.33e+00" qv="1.00e+00"/>
    </query>
  </matches>
  <runtime cycles="2701686" seconds="2.702"/>
</tomtom>
