Query_ID	Target_ID	Optimal_offset	p-value	E-value	q-value	Overlap	Query_consensus	Target_consensus	Orientation
AYRMGCACWRWCAMWSCKKG	MA1372.2	-5	0.0049468	6.96014	1	10	ATGAGCACTAACACAGCGTG	CACTTTCACT	+

# Tomtom (Motif Comparison Tool): Version 5.5.4 compiled on Nov  8 2023 at 16:31:36
# The format of this file is described at https://meme-suite.org/meme/doc/tomtom-output-format.html.
# tomtom -no-ssc -oc tomtom_f_2 -verbosity 1 -min-overlap 5 -mi 1 -dist pearson -evalue -thresh 10.0 Resultadosmeme/FAIRE/AYRMGCACWRWCAMWSCKKG.meme JASPAR2024_CORE_plants_redundant_pfms_meme.txt
