<?xml version='1.0' encoding='UTF-8' standalone='yes'?>
<tomtom version="5.5.4" release="Fri Jun 16 12:19:08 2023 -0700">
  <model>
    <command_line>tomtom -no-ssc -oc tomtom_f_2 -verbosity 1 -min-overlap 5 -mi 1 -dist pearson -evalue -thresh 10.0 Resultadosmeme/FAIRE/AYRMGCACWRWCAMWSCKKG.meme JASPAR2024_CORE_plants_redundant_pfms_meme.txt</command_line>
    <distance_measure value="pearson"/>
    <threshold type="evalue">10</threshold>
    <alphabet name="DNA" like="dna">
      <letter id="A" symbol="A" complement="T" name="Adenine" colour="CC0000"/>
      <letter id="C" symbol="C" complement="G" name="Cytosine" colour="0000CC"/>
      <letter id="G" symbol="G" complement="C" name="Guanine" colour="FFB300"/>
      <letter id="T" symbol="T" aliases="U" complement="A" name="Thymine" colour="008000"/>
      <letter id="N" symbol="N" aliases="X." equals="ACGT" name="Any base"/>
      <letter id="V" symbol="V" equals="ACG" name="Not T"/>
      <letter id="H" symbol="H" equals="ACT" name="Not G"/>
      <letter id="D" symbol="D" equals="AGT" name="Not C"/>
      <letter id="B" symbol="B" equals="CGT" name="Not A"/>
      <letter id="M" symbol="M" equals="AC" name="Amino"/>
      <letter id="R" symbol="R" equals="AG" name="Purine"/>
      <letter id="W" symbol="W" equals="AT" name="Weak"/>
      <letter id="S" symbol="S" equals="CG" name="Strong"/>
      <letter id="Y" symbol="Y" equals="CT" name="Pyrimidine"/>
      <letter id="K" symbol="K" equals="GT" name="Keto"/>
    </alphabet>
    <strands>both</strands>
    <background from="--query--" A="0.205" C="0.295" G="0.295" T="0.205"/>
    <host>labbces04</host>
    <when>Fri Nov 24 15:10:44 2023</when>
  </model>
  <query_dbs>
    <db source="Resultadosmeme/FAIRE/AYRMGCACWRWCAMWSCKKG.meme" name="AYRMGCACWRWCAMWSCKKG" loaded="1" excluded="0" last_mod_date="Tue Nov 21 08:19:25 2023"/>
  </query_dbs>
  <target_dbs>
    <db source="JASPAR2024_CORE_plants_redundant_pfms_meme.txt" name="JASPAR2024_CORE_plants_redundant_pfms_meme.txt" loaded="1407" excluded="0" last_mod_date="Fri Nov 17 18:22:13 2023"/>
  </target_dbs>
  <queries>
    <motif db="0" id="AYRMGCACWRWCAMWSCKKG" alt="MEME-2" length="20" nsites="6" evalue="4.1e-002">
      <pos A="0.986967" C="0.00483606" G="0.00483606" T="0.00336066"/>
      <pos A="0.00336066" C="0.332705" G="0.00483606" T="0.659099"/>
      <pos A="0.331229" C="0.00483606" G="0.660574" T="0.00336066"/>
      <pos A="0.659099" C="0.332705" G="0.00483606" T="0.00336066"/>
      <pos A="0.00336066" C="0.00483606" G="0.988443" T="0.00336066"/>
      <pos A="0.00336066" C="0.988443" G="0.00483606" T="0.00336066"/>
      <pos A="0.986967" C="0.00483606" G="0.00483606" T="0.00336066"/>
      <pos A="0.00336066" C="0.988443" G="0.00483606" T="0.00336066"/>
      <pos A="0.331229" C="0.00483606" G="0.00483606" T="0.659099"/>
      <pos A="0.659099" C="0.00483606" G="0.332705" T="0.00336066"/>
      <pos A="0.659099" C="0.00483606" G="0.00483606" T="0.331229"/>
      <pos A="0.00336066" C="0.988443" G="0.00483606" T="0.00336066"/>
      <pos A="0.986967" C="0.00483606" G="0.00483606" T="0.00336066"/>
      <pos A="0.331229" C="0.660574" G="0.00483606" T="0.00336066"/>
      <pos A="0.659099" C="0.00483606" G="0.00483606" T="0.331229"/>
      <pos A="0.00336066" C="0.332705" G="0.660574" T="0.00336066"/>
      <pos A="0.00336066" C="0.988443" G="0.00483606" T="0.00336066"/>
      <pos A="0.00336066" C="0.00483606" G="0.660574" T="0.331229"/>
      <pos A="0.00336066" C="0.00483606" G="0.332705" T="0.659099"/>
      <pos A="0.00336066" C="0.00483606" G="0.988443" T="0.00336066"/>
    </motif>
  </queries>
  <targets>
    <motif db="0" id="MA1372.2" alt="ZAT10" length="10" nsites="600"
        url="http://jaspar.genereg.net/matrix/MA1372.2">
      <pos A="0.0383608" C="0.669938" G="0.0233783" T="0.268322"/>
      <pos A="0.718247" C="4.91584e-05" G="0.025045" T="0.256658"/>
      <pos A="0.0566917" C="0.541626" G="0.261673" T="0.140011"/>
      <pos A="0.219998" C="0.170021" G="4.91584e-05" T="0.609933"/>
      <pos A="0.263323" C="0.258339" G="0.213347" T="0.26499"/>
      <pos A="0.268322" C="0.255007" G="0.00171588" T="0.474955"/>
      <pos A="3.4161e-05" C="0.809914" G="4.91584e-05" T="0.190002"/>
      <pos A="0.999868" C="4.91584e-05" G="4.91584e-05" T="3.4161e-05"/>
      <pos A="3.4161e-05" C="0.739926" G="0.260006" T="3.4161e-05"/>
      <pos A="0.0500258" C="0.0217125" G="4.91584e-05" T="0.928212"/>
    </motif>
  </targets>
  <matches>
    <query idx="0">
      <target idx="0" rc="n" off="-5" pv="4.95e-03" ev="6.96e+00" qv="1.00e+00"/>
    </query>
  </matches>
  <runtime cycles="4896743" seconds="4.897"/>
</tomtom>
